Table 1: Cumulative Number of Cases Tested Positive for COVID-19 - as reported on that date on SG website,,,,,,,,,,,,,,,,,,,,,
"(asterisk * denotes less than 5, for disclosure reasons).",,,,,,,,,,,,,,,,,,,,,
Date notified,NHS Ayrshire & Arran,NHS Borders,NHS Dumfries & Galloway,NHS Fife,NHS Forth Valley,NHS Grampian,NHS Greater Glasgow & Clyde,NHS Highland,NHS Lanarkshire,NHS Lothian,NHS Orkney,NHS Shetland,NHS Tayside,NHS Western Isles,Scotland,,,,,,
07/03/2020, * , * , * , * , * , * , * , * , * , * , * , * , * , * , 16 ,,,,,,
08/03/2020, * , * , * , * , * , * , * , * , * , * , * , * , * , * , 21 ,,,,,,
09/03/2020, * , * , * , * , * , * , * , * , * , 5 , * , * , * , * , 23 ,,,,,,
10/03/2020, * , * , * , * , * , 6 , * , * , * , 7 , * , * , * , * , 27 ,,,,,,
11/03/2020, * , * , * , * , * , 6 , 5 , * , * , 8 , * , * , * , * , 36 ,,,,,,
12/03/2020, * , * , * , * , 6 , 7 , 10 , * , 7 , 11 , * , 6 , * , * , 60 ,,,,,,
13/03/2020, * , * , * , * , 6 , 9 , 20 , * , 7 , 19 , * , 8 , * , * , 84 ,,,,,,
14/03/2020, 6 , 5 , * , 6 , 6 , 9 , 31 , * , 10 , 25 , * , 13 , 11 , * , 123 ,,,,,,
15/03/2020, 6 , 7 , * , 7 , 10 , 12 , 39 , * , 16 , 28 , * , 13 , 15 , * , 155 ,,,,,,
16/03/2020, 6 , 7 , * , 7 , 10 , 12 , 44 , * , 20 , 29 , * , 15 , 17 , * , 170 ,,,,,,
17/03/2020, 6 , 7 , * , 7 , 12 , 18 , 49 , 5 , 21 , 30 , * , 15 , 20 , * , 191 ,,,,,,
18/03/2020, 9 , 7 , * , 8 , 15 , 18 , 57 , 5 , 25 , 33 , * , 16 , 24 , * , 221 ,,,,,,
19/03/2020, 12 , 8 , 6 , 9 , 17 , 18 , 71 , 6 , 33 , 35 , * , 24 , 27 , * , 266 ,,,,,,
20/03/2020, 16 , 9 , 10 , 12 , 23 , 19 , 91 , 6 , 41 , 40 , * , 24 , 31 , * , 322 ,,,,,,
21/03/2020, 21 , 10 , 13 , 13 , 27 , 20 , 110 , 8 , 49 , 44 , * , 24 , 34 , * , 373 ,,,,,,
22/03/2020, 25 , 11 , 16 , 16 , 30 , 23 , 130 , 8 , 49 , 46 , * , 24 , 38 , * , 416 ,,,,,,
23/03/2020, 34 , 12 , 18 , 19 , 40 , 24 , 152 , 12 , 58 , 59 , * , 24 , 47 , * , 499 ,,,,,,
24/03/2020, 41 , 12 , 26 , 25 , 43 , 24 , 183 , 13 , 75 , 70 , * , 24 , 48 , * , 584 ,,,,,,
25/03/2020, 57 , 15 , 31 , 29 , 59 , 29 , 221 , 22 , 87 , 88 , * , 24 , 57 , * , 719 ,,,,,,
26/03/2020, 74 , 23 , 39 , 40 , 75 , 31 , 258 , 29 , 114 , 111 , * , 24 , 76 , * , 894 ,,,,,,
27/03/2020, 75 , 28 , 47 , 41 , 81 , 45 , 299 , 33 , 140 , 139 , * , 24 , 107 , * ," 1,059 ",,,,,,
28/03/2020, 90 , 35 , 60 , 51 , 94 , 52 , 376 , 36 , 165 , 151 , * , 27 , 127 , * ," 1,264 ",,,,,,
29/03/2020, 108 , 50 , 63 , 58 , 94 , 62 , 401 , 41 , 184 , 188 , * , 27 , 141 , * ," 1,417 ",,,,,,
30/03/2020, 154 , 63 , 74 , 70 , 103 , 66 , 449 , 44 , 197 , 208 , * , 27 , 177 , * ," 1,632 ",,,,,,
31/03/2020, 177 , 77 , 92 , 76 , 131 , 86 , 547 , 51 , 244 , 269 , * , 29 , 214 , * ," 1,993 ",,,,,,
01/04/2020, 199 , 87 , 100 , 96 , 146 , 108 , 632 , 58 , 284 , 311 , * , 30 , 254 , * ," 2,310 ",,,,,,
02/04/2020, 221 , 93 , 104 , 119 , 172 , 128 , 682 , 65 , 320 , 356 , * , 30 , 307 , * ," 2,602 ",,,,,,
03/04/2020, 240 , 100 , 122 , 147 , 189 , 173 , 779 , 72 , 377 , 408 , * , 36 , 353 , * ," 3,001 ",,,,,,
04/04/2020, 254 , 110 , 127 , 173 , 208 , 177 , 851 , 85 , 427 , 476 , * , 40 , 410 , * ," 3,345 ",,,,,,
05/04/2020, 267 , 130 , 141 , 200 , 226 , 194 , 931 , 99 , 478 , 534 , * , 41 , 457 , * ," 3,706 ",,,,,,
06/04/2020, 288 , 139 , 144 , 227 , 231 , 209 , 984 , 102 , 512 , 577 , * , 41 , 499 , * ," 3,961 ",,,,,,
07/04/2020, 296 , 149 , 152 , 239 , 243 , 210 ," 1,094 ", 112 , 547 , 621 , * , 42 , 516 , * ," 4,229 ",,,,,,
08/04/2020, 312 , 160 , 155 , 255 , 259 , 223 ," 1,166 ", 122 , 575 , 700 , * , 43 , 586 , * ," 4,565 ",,,,,,
09/04/2020, 362 , 167 , 163 , 288 , 280 , 236 ," 1,251 ", 137 , 607 , 747 , * , 43 , 667 , * ," 4,957 ",,,,,,
10/04/2020, 364 , 177 , 164 , 333 , 302 , 251 ," 1,314 ", 144 , 662 , 799 , * , 43 , 712 , * ," 5,275 ",,,,,,
11/04/2020, 376 , 189 , 179 , 356 , 324 , 261 ," 1,387 ", 148 , 707 , 856 , 5 , 43 , 753 , 6 ," 5,590 ",,,,,,
12/04/2020, 390 , 199 , 186 , 379 , 337 , 291 ," 1,449 ", 151 , 758 , 915 , 5 , 43 , 803 , 6 ," 5,912 ",,,,,,
13/04/2020, 390 , 204 , 192 , 383 , 352 , 313 ," 1,486 ", 163 , 784 , 932 , 5 , 45 , 812 , 6 ," 6,067 ",,,,,,
14/04/2020, 416 , 208 , 199 , 397 , 367 , 335 ," 1,575 ", 168 , 822 , 989 , 5 , 45 , 826 , 6 ," 6,358 ",,,,,,
15/04/2020, 457 , 215 , 207 , 424 , 380 , 357 ," 1,661 ", 180 , 873 ," 1,040 ", 5 , 45 , 898 , 6 ," 6,748 ",,,,,,
16/04/2020, 503 , 220 , 207 , 446 , 400 , 389 ," 1,742 ", 184 , 911 ," 1,107 ", 5 , 45 , 937 , 6 ," 7,102 ",,,,,,
17/04/2020, 536 , 229 , 209 , 488 , 431 , 394 ," 1,794 ", 187 , 934 ," 1,172 ", 5 , 45 , 979 , 6 ," 7,409 ",,,,,,
18/04/2020, 560 , 231 , 222 , 514 , 451 , 432 ," 1,905 ", 193 , 995 ," 1,239 ", 5 , 45 ," 1,022 ", 6 ," 7,820 ",,,,,,
19/04/2020, 586 , 237 , 229 , 532 , 509 , 464 ," 1,949 ", 197 ," 1,022 "," 1,344 ", 5 , 51 ," 1,056 ", 6 ," 8,187 ",,,,,,
20/04/2020, 604 , 239 , 231 , 542 , 542 , 490 ," 2,020 ", 198 ," 1,051 "," 1,399 ", 6 , 51 ," 1,071 ", 6 ," 8,450 ",,,,,,
21/04/2020, 623 , 240 , 231 , 561 , 562 , 519 ," 2,085 ", 201 ," 1,076 "," 1,426 ", 6 , 52 ," 1,084 ", 6 ," 8,672 ",,,,,,
22/04/2020, 640 , 243 , 235 , 593 , 569 , 550 ," 2,174 ", 211 ," 1,118 "," 1,515 ", 6 , 54 ," 1,124 ", 6 ," 9,038 ",,,,,,
23/04/2020, 653 , 248 , 235 , 619 , 604 , 602 ," 2,250 ", 214 ," 1,155 "," 1,604 ", 6 , 54 ," 1,159 ", 6 ," 9,409 ",,,,,,
24/04/2020, 678 , 253 , 235 , 637 , 606 , 638 ," 2,311 ", 214 ," 1,176 "," 1,684 ", 6 , 54 ," 1,199 ", 6 ," 9,697 ",,,,,,
25/04/2020, 692 , 258 , 237 , 653 , 655 , 700 ," 2,428 ", 220 ," 1,187 "," 1,730 ", 7 , 54 ," 1,224 ", 6 ," 10,051 ",,,,,,
26/04/2020, 705 , 259 , 240 , 672 , 662 , 748 ," 2,479 ", 225 ," 1,231 "," 1,785 ", 7 , 54 ," 1,251 ", 6 ," 10,324 ",,,,,,
27/04/2020, 721 , 269 , 243 , 681 , 680 , 771 ," 2,531 ", 228 ," 1,265 "," 1,804 ", 7 , 54 ," 1,261 ", 6 ," 10,521 ",,,,,,
28/04/2020, 738 , 272 , 243 , 692 , 689 , 782 ," 2,604 ", 232 ," 1,297 "," 1,832 ", 7 , 54 ," 1,273 ", 6 ," 10,721 ",,,,,,
29/04/2020, 745 , 279 , 244 , 712 , 717 , 813 ," 2,672 ", 236 ," 1,329 "," 1,907 ", 7 , 54 ," 1,313 ", 6 ," 11,034 ",,,,,,
30/04/2020, 762 , 279 , 246 , 737 , 724 , 834 ," 2,759 ", 242 ," 1,374 "," 1,980 ", 7 , 54 ," 1,349 ", 6 ," 11,353 ",,,,,,
01/05/2020, 778 , 281 , 249 , 750 , 747 , 866 ," 2,864 ", 259 ," 1,400 "," 2,014 ", 7 , 54 ," 1,379 ", 6 ," 11,654 ",,,,,,
02/05/2020, 793 , 283 , 250 , 768 , 757 , 889 ," 2,939 ", 288 ," 1,436 "," 2,065 ", 7 , 54 ," 1,392 ", 6 ," 11,927 ",,,,,,
03/05/2020, 799 , 284 , 250 , 776 , 788 , 898 ," 2,985 ", 297 ," 1,454 "," 2,089 ", 7 , 54 ," 1,410 ", 6 ," 12,097 ",,,,,,
04/05/2020, 818 , 284 , 250 , 778 , 794 , 931 ," 3,029 ", 299 ," 1,492 "," 2,113 ", 7 , 54 ," 1,411 ", 6 ," 12,266 ",,,,,,
05/05/2020, 825 , 284 , 254 , 784 , 802 , 946 ," 3,070 ", 307 ," 1,520 "," 2,149 ", 7 , 54 ," 1,429 ", 6 ," 12,437 ",,,,,,
06/05/2020, 846 , 285 , 254 , 792 , 809 , 957 ," 3,203 ", 310 ," 1,541 "," 2,200 ", 7 , 54 ," 1,445 ", 6 ," 12,709 ",,,,,,
07/05/2020, 853 , 286 , 254 , 801 , 818 , 973 ," 3,277 ", 313 ," 1,576 "," 2,241 ", 7 , 54 ," 1,465 ", 6 ," 12,924 ",,,,,,
08/05/2020, 885 , 286 , 255 , 804 , 828 ," 1,001 "," 3,333 ", 317 ," 1,628 "," 2,274 ", 7 , 54 ," 1,471 ", 6 ," 13,149 ",,,,,,
09/05/2020, 895 , 286 , 255 , 810 , 828 ," 1,035 "," 3,367 ", 317 ," 1,635 "," 2,324 ", 7 , 54 ," 1,486 ", 6 ," 13,305 ",,,,,,
10/05/2020, 904 , 286 , 255 , 811 , 828 ," 1,050 "," 3,449 ", 320 ," 1,660 "," 2,359 ", 7 , 54 ," 1,497 ", 6 ," 13,486 ",,,,,,
11/05/2020, 912 , 292 , 255 , 813 , 839 ," 1,078 "," 3,479 ", 322 ," 1,693 "," 2,380 ", 7 , 54 ," 1,497 ", 6 ," 13,627 ",,,,,,
12/05/2020, 925 , 294 , 255 , 813 , 856 ," 1,102 "," 3,510 ", 324 ," 1,715 "," 2,397 ", 7 , 54 ," 1,505 ", 6 ," 13,763 ",,,,,,
13/05/2020, 946 , 297 , 254 , 816 , 859 ," 1,123 "," 3,579 ", 324 ," 1,721 "," 2,428 ", 7 , 54 ," 1,515 ", 6 ," 13,929 ",,,,,,
14/05/2020, 952 , 298 , 255 , 823 , 863 ," 1,142 "," 3,628 ", 328 ," 1,762 "," 2,459 ", 7 , 54 ," 1,540 ", 6 ," 14,117 ",,,,,,
15/05/2020, 964 , 304 , 255 , 824 , 867 ," 1,152 "," 3,663 ", 331 ," 1,781 "," 2,497 ", 7 , 54 ," 1,555 ", 6 ," 14,260 ",,,,,,
16/05/2020, 966 , 310 , 257 , 824 , 871 ," 1,181 "," 3,707 ", 331 ," 1,812 "," 2,539 ", 7 , 54 ," 1,582 ", 6 ," 14,447 ",,,,,,
17/05/2020, 974 , 313 , 257 , 824 , 873 ," 1,189 "," 3,731 ", 331 ," 1,828 "," 2,561 ", 7 , 54 ," 1,589 ", 6 ," 14,537 ",,,,,,
18/05/2020, 976 , 316 , 257 , 824 , 880 ," 1,200 "," 3,742 ", 331 ," 1,840 "," 2,568 ", 7 , 54 ," 1,593 ", 6 ," 14,594 ",,,,,,
19/05/2020, 981 , 317 , 257 , 825 , 883 ," 1,206 "," 3,759 ", 333 ," 1,853 "," 2,575 ", 7 , 54 ," 1,599 ", 6 ," 14,655 ",,,,,,
20/05/2020, 987 , 322 , 257 , 826 , 894 ," 1,216 "," 3,780 ", 334 ," 1,867 "," 2,584 ", 7 , 54 ," 1,617 ", 6 ," 14,751 ",,,,,,
21/05/2020, 995 , 322 , 257 , 826 , 896 ," 1,218 "," 3,806 ", 334 ," 1,892 "," 2,611 ", 7 , 54 ," 1,632 ", 6 ," 14,856 ",,,,,,
22/05/2020," 1,001 ", 322 , 257 , 826 , 909 ," 1,223 "," 3,841 ", 335 ," 1,913 "," 2,634 ", 7 , 54 ," 1,641 ", 6 ," 14,969 ",,,,,,
23/05/2020," 1,015 ", 322 , 257 , 826 , 915 ," 1,223 "," 3,865 ", 335 ," 1,922 "," 2,649 ", 7 , 54 ," 1,645 ", 6 ," 15,041 ",,,,,,
24/05/2020," 1,019 ", 322 , 258 , 826 , 917 ," 1,224 "," 3,876 ", 335 ," 1,934 "," 2,665 ", 7 , 54 ," 1,658 ", 6 ," 15,101 ",,,,,,
25/05/2020," 1,019 ", 322 , 260 , 827 , 917 ," 1,245 "," 3,892 ", 335 ," 1,944 "," 2,669 ", 7 , 54 ," 1,659 ", 6 ," 15,156 ",,,,,,
26/05/2020," 1,023 ", 323 , 260 , 828 , 918 ," 1,250 "," 3,898 ", 336 ," 1,948 "," 2,675 ", 7 , 54 ," 1,659 ", 6 ," 15,185 ",,,,,,
27/05/2020," 1,029 ", 323 , 260 , 830 , 919 ," 1,256 "," 3,916 ", 337 ," 1,957 "," 2,685 ", 7 , 54 ," 1,661 ", 6 ," 15,240 ",,,,,,
28/05/2020," 1,035 ", 323 , 260 , 830 , 919 ," 1,259 "," 3,934 ", 337 ," 1,968 "," 2,691 ", 7 , 54 ," 1,665 ", 6 ," 15,288 ",,,,,,
29/05/2020," 1,039 ", 325 , 260 , 831 , 919 ," 1,269 "," 3,939 ", 337 ," 1,974 "," 2,698 ", 8 , 54 ," 1,668 ", 6 ," 15,327 ",,,,,,
30/05/2020," 1,058 ", 325 , 260 , 834 , 924 ," 1,273 "," 3,943 ", 337 ," 1,984 "," 2,706 ", 8 , 54 ," 1,670 ", 6 ," 15,382 ",,,,,,
31/05/2020," 1,060 ", 325 , 260 , 835 , 928 ," 1,274 "," 3,946 ", 337 ," 1,987 "," 2,709 ", 8 , 54 ," 1,671 ", 6 ," 15,400 ",,,,,,
01/06/2020," 1,061 ", 325 , 260 , 836 , 931 ," 1,278 "," 3,949 ", 338 ," 1,987 "," 2,714 ", 8 , 54 ," 1,671 ", 6 ," 15,418 ",,,,,,
02/06/2020," 1,061 ", 325 , 260 , 871 , 935 ," 1,281 "," 3,950 ", 338 ," 1,995 "," 2,716 ", 8 , 54 ," 1,671 ", 6 ," 15,471 ",,,,,,
03/06/2020," 1,066 ", 325 , 260 , 876 , 942 ," 1,282 "," 3,954 ", 339 ," 1,998 "," 2,723 ", 8 , 54 ," 1,671 ", 6 ," 15,504 ",,,,,,
04/06/2020," 1,071 ", 325 , 261 , 877 , 944 ," 1,283 "," 3,961 ", 338 ," 2,002 "," 2,752 ", 8 , 54 ," 1,671 ", 6 ," 15,553 ",,,,,,
05/06/2020," 1,076 ", 326 , 261 , 877 , 946 ," 1,284 "," 3,968 ", 338 ," 2,005 "," 2,760 ", 8 , 54 ," 1,673 ", 6 ," 15,582 ",,,,,,
06/06/2020," 1,077 ", 326 , 261 , 879 , 946 ," 1,284 "," 3,971 ", 339 ," 2,007 "," 2,769 ", 8 , 54 ," 1,676 ", 6 ," 15,603 ",,,,,,
07/06/2020," 1,079 ", 326 , 261 , 879 , 946 ," 1,286 "," 3,981 ", 339 ," 2,008 "," 2,772 ", 8 , 54 ," 1,676 ", 6 ," 15,621 ",,,,,,
08/06/2020," 1,080 ", 326 , 261 , 879 , 947 ," 1,286 "," 3,988 ", 340 ," 2,013 "," 2,774 ", 8 , 54 ," 1,677 ", 6 ," 15,639 ",,,,,,
09/06/2020," 1,081 ", 326 , 261 , 879 , 948 ," 1,287 "," 3,990 ", 340 ," 2,018 "," 2,777 ", 8 , 54 ," 1,678 ", 6 ," 15,653 ",,,,,,
10/06/2020," 1,081 ", 327 , 261 , 880 , 948 ," 1,287 "," 3,990 ", 340 ," 2,021 "," 2,778 ", 8 , 54 ," 1,684 ", 6 ," 15,665 ",,,,,,
11/06/2020," 1,082 ", 327 , 261 , 882 , 948 ," 1,288 "," 3,995 ", 341 ," 2,022 "," 2,783 ", 8 , 54 ," 1,685 ", 6 ," 15,682 ",,,,,,
12/06/2020," 1,086 ", 327 , 261 , 883 , 948 ," 1,288 "," 4,000 ", 341 ," 2,028 "," 2,794 ", 8 , 54 ," 1,685 ", 6 ," 15,709 ",,,,,,
13/06/2020," 1,087 ", 327 , 261 , 884 , 950 ," 1,288 "," 4,004 ", 341 ," 2,031 "," 2,803 ", 8 , 54 ," 1,686 ", 6 ," 15,730 ",,,,,,
14/06/2020," 1,088 ", 327 , 261 , 885 , 952 ," 1,294 "," 4,010 ", 341 ," 2,035 "," 2,807 ", 8 , 54 ," 1,687 ", 6 ," 15,755 ",,,,,,
15/06/2020," 1,243 ", 345 , 274 , 926 ," 1,048 "," 1,405 "," 4,805 ", 373 ," 2,671 "," 3,110 ", 9 , 54 ," 1,760 ", 7 ," 18,030 ",,,,,,
16/06/2020," 1,243 ", 345 , 274 , 926 ," 1,051 "," 1,405 "," 4,808 ", 373 ," 2,674 "," 3,116 ", 9 , 54 ," 1,760 ", 7 ," 18,045 ",,,,,,
17/06/2020," 1,245 ", 345 , 274 , 928 ," 1,051 "," 1,409 "," 4,810 ", 373 ," 2,678 "," 3,123 ", 9 , 54 ," 1,760 ", 7 ," 18,066 ",,,,,,
18/06/2020," 1,245 ", 345 , 274 , 928 ," 1,053 "," 1,410 "," 4,813 ", 373 ," 2,681 "," 3,125 ", 9 , 54 ," 1,760 ", 7 ," 18,077 ",,,,,,
19/06/2020," 1,248 ", 345 , 284 , 928 ," 1,053 "," 1,410 "," 4,814 ", 373 ," 2,685 "," 3,134 ", 9 , 54 ," 1,760 ", 7 ," 18,104 ",,,,,,
20/06/2020," 1,249 ", 345 , 284 , 928 ," 1,055 "," 1,410 "," 4,819 ", 373 ," 2,698 "," 3,139 ", 9 , 54 ," 1,760 ", 7 ," 18,130 ",,,,,,
21/06/2020," 1,250 ", 346 , 284 , 928 ," 1,056 "," 1,412 "," 4,827 ", 373 ," 2,704 "," 3,145 ", 9 , 54 ," 1,761 ", 7 ," 18,156 ",,,,,,
22/06/2020," 1,250 ", 346 , 285 , 928 ," 1,057 "," 1,412 "," 4,830 ", 373 ," 2,712 "," 3,146 ", 9 , 54 ," 1,761 ", 7 ," 18,170 ",,,,,,
23/06/2020," 1,251 ", 346 , 285 , 928 ," 1,058 "," 1,413 "," 4,832 ", 374 ," 2,715 "," 3,147 ", 9 , 54 ," 1,763 ", 7 ," 18,182 ",,,,,,
24/06/2020," 1,251 ", 346 , 285 , 928 ," 1,061 "," 1,413 "," 4,834 ", 374 ," 2,715 "," 3,150 ", 9 , 54 ," 1,764 ", 7 ," 18,191 ",,,,,,
25/06/2020," 1,252 ", 345 , 285 , 930 ," 1,061 "," 1,414 "," 4,838 ", 374 ," 2,716 "," 3,146 ", 9 , 54 ," 1,765 ", 7 ," 18,196 ",,,,,,
26/06/2020," 1,253 ", 345 , 285 , 929 ," 1,064 "," 1,417 "," 4,844 ", 374 ," 2,717 "," 3,148 ", 9 , 54 ," 1,767 ", 7 ," 18,213 ",,,,,,
27/06/2020," 1,253 ", 345 , 285 , 930 ," 1,066 "," 1,418 "," 4,848 ", 374 ," 2,720 "," 3,151 ", 9 , 54 ," 1,768 ", 7 ," 18,228 ",,,,,,
28/06/2020," 1,253 ", 345 , 285 , 930 ," 1,068 "," 1,419 "," 4,850 ", 375 ," 2,722 "," 3,151 ", 9 , 54 ," 1,768 ", 7 ," 18,236 ",,,,,,
29/06/2020," 1,255 ", 345 , 285 , 930 ," 1,069 "," 1,419 "," 4,851 ", 375 ," 2,723 "," 3,151 ", 9 , 54 ," 1,768 ", 7 ," 18,241 ",,,,,,
30/06/2020," 1,255 ", 345 , 290 , 930 ," 1,070 "," 1,419 "," 4,853 ", 375 ," 2,724 "," 3,151 ", 9 , 54 ," 1,769 ", 7 ," 18,251 ",,,,,,
01/07/2020," 1,255 ", 345 , 291 , 930 ," 1,070 "," 1,421 "," 4,858 ", 375 ," 2,724 "," 3,151 ", 9 , 54 ," 1,769 ", 7 ," 18,259 ",,,,,,
02/07/2020," 1,255 ", 345 , 292 , 930 ," 1,070 "," 1,423 "," 4,858 ", 375 ," 2,726 "," 3,151 ", 9 , 54 ," 1,769 ", 7 ," 18,264 ",,,,,,
03/07/2020," 1,256 ", 345 , 292 , 932 ," 1,076 "," 1,423 "," 4,858 ", 375 ," 2,727 "," 3,153 ", 9 , 54 ," 1,769 ", 7 ," 18,276 ",,,,,,
04/07/2020," 1,256 ", 345 , 293 , 932 ," 1,076 "," 1,425 "," 4,860 ", 375 ," 2,728 "," 3,156 ", 9 , 54 ," 1,771 ", 7 ," 18,287 ",,,,,,
05/07/2020," 1,257 ", 345 , 294 , 932 ," 1,076 "," 1,426 "," 4,861 ", 376 ," 2,730 "," 3,157 ", 9 , 54 ," 1,772 ", 7 ," 18,296 ",,,,,,
06/07/2020," 1,257 ", 345 , 295 , 932 ," 1,077 "," 1,426 "," 4,861 ", 376 ," 2,731 "," 3,158 ", 9 , 54 ," 1,772 ", 7 ," 18,300 ",,,,,,
07/07/2020," 1,257 ", 345 , 295 , 932 ," 1,078 "," 1,426 "," 4,862 ", 376 ," 2,731 "," 3,158 ", 9 , 54 ," 1,772 ", 7 ," 18,302 ",,,,,,
08/07/2020," 1,257 ", 345 , 295 , 932 ," 1,083 "," 1,427 "," 4,863 ", 376 ," 2,731 "," 3,158 ", 9 , 54 ," 1,772 ", 7 ," 18,309 ",,,,,,
09/07/2020," 1,257 ", 345 , 296 , 932 ," 1,085 "," 1,427 "," 4,865 ", 376 ," 2,731 "," 3,159 ", 9 , 54 ," 1,772 ", 7 ," 18,315 ",,,,,,
10/07/2020," 1,258 ", 345 , 298 , 933 ," 1,085 "," 1,429 "," 4,871 ", 376 ," 2,733 "," 3,163 ", 9 , 54 ," 1,772 ", 7 ," 18,333 ",,,,,,
11/07/2020," 1,258 ", 345 , 299 , 933 ," 1,085 "," 1,429 "," 4,872 ", 377 ," 2,734 "," 3,165 ", 9 , 54 ," 1,773 ", 7 ," 18,340 ",,,,,,
12/07/2020," 1,258 ", 345 , 299 , 933 ," 1,086 "," 1,430 "," 4,884 ", 377 ," 2,736 "," 3,166 ", 9 , 54 ," 1,775 ", 7 ," 18,359 ",,,,,,
13/07/2020," 1,258 ", 345 , 299 , 933 ," 1,087 "," 1,431 "," 4,887 ", 377 ," 2,737 "," 3,166 ", 9 , 54 ," 1,775 ", 7 ," 18,365 ",,,,,,
14/07/2020," 1,259 ", 345 , 299 , 933 ," 1,087 "," 1,432 "," 4,887 ", 377 ," 2,738 "," 3,166 ", 9 , 54 ," 1,775 ", 7 ," 18,368 ",,,,,,
15/07/2020," 1,260 ", 345 , 299 , 933 ," 1,087 "," 1,432 "," 4,890 ", 377 ," 2,739 "," 3,166 ", 9 , 54 ," 1,775 ", 7 ," 18,373 ",,,,,,
16/07/2020," 1,260 ", 345 , 299 , 933 ," 1,088 "," 1,432 "," 4,896 ", 377 ," 2,742 "," 3,167 ", 9 , 54 ," 1,775 ", 7 ," 18,384 ",,,,,,
17/07/2020," 1,262 ", 345 , 299 , 937 ," 1,091 "," 1,433 "," 4,897 ", 377 ," 2,743 "," 3,169 ", 9 , 54 ," 1,778 ", 7 ," 18,401 ",,,,,,
18/07/2020," 1,263 ", 346 , 300 , 937 ," 1,092 "," 1,435 "," 4,905 ", 377 ," 2,744 "," 3,174 ", 9 , 54 ," 1,779 ", 7 ," 18,422 ",,,,,,
19/07/2020," 1,266 ", 346 , 300 , 936 ," 1,092 "," 1,440 "," 4,912 ", 378 ," 2,747 "," 3,177 ", 9 , 54 ," 1,781 ", 7 ," 18,445 ",,"*** on 19 July 2020, a result from Fife was revised resulting in a decrease of 1 in the number of positive cases from 937 to 936. ***",,,,
20/07/2020," 1,267 ", 346 , 300 , 936 ," 1,092 "," 1,440 "," 4,914 ", 378 ," 2,748 "," 3,180 ", 9 , 54 ," 1,781 ", 7 ," 18,452 ",,,,,,
21/07/2020," 1,269 ", 346 , 300 , 937 ," 1,092 "," 1,440 "," 4,918 ", 378 ," 2,762 "," 3,181 ", 9 , 54 ," 1,781 ", 7 ," 18,474 ",,,,,,
22/07/2020," 1,270 ", 346 , 300 , 938 ," 1,092 "," 1,440 "," 4,921 ", 378 ," 2,765 "," 3,182 ", 9 , 54 ," 1,782 ", 7 ," 18,484 ",,,,,,
23/07/2020," 1,272 ", 346 , 300 , 939 ," 1,092 "," 1,441 "," 4,926 ", 379 ," 2,769 "," 3,183 ", 9 , 54 ," 1,783 ", 7 ," 18,500 ",,,,,,
24/07/2020," 1,273 ", 346 , 300 , 939 ," 1,091 "," 1,442 "," 4,940 ", 381 ," 2,770 "," 3,184 ", 9 , 54 ," 1,784 ", 7 ," 18,520 ",,"*** on 24 July 2020, NHS Forth Valley de-notified one previous case so their number decreased by 1. NHS Lothian had two new cases, but also de-notified one previous case, giving them a net gain of 1 new case. ***",,,,
25/07/2020," 1,274 ", 347 , 300 , 940 ," 1,091 "," 1,445 "," 4,949 ", 381 ," 2,778 "," 3,187 ", 9 , 54 ," 1,785 ", 7 ," 18,547 ",,,,,,
26/07/2020," 1,274 ", 347 , 300 , 940 ," 1,091 "," 1,445 "," 4,953 ", 381 ," 2,778 "," 3,187 ", 9 , 54 ," 1,785 ", 7 ," 18,551 ",,,,,,
27/07/2020," 1,275 ", 347 , 300 , 940 ," 1,091 "," 1,445 "," 4,954 ", 381 ," 2,779 "," 3,187 ", 9 , 54 ," 1,785 ", 7 ," 18,554 ",,,,,,
28/07/2020," 1,275 ", 347 , 300 , 941 ," 1,091 "," 1,445 "," 4,957 ", 381 ," 2,779 "," 3,187 ", 9 , 54 ," 1,785 ", 7 ," 18,558 ",,,,,,
29/07/2020," 1,275 ", 347 , 301 , 941 ," 1,092 "," 1,446 "," 4,971 ", 381 ," 2,779 "," 3,192 ", 9 , 54 ," 1,785 ", 7 ," 18,580 ",,,,,,
30/07/2020," 1,275 ", 347 , 301 , 943 ," 1,096 "," 1,448 "," 4,976 ", 381 ," 2,780 "," 3,193 ", 9 , 54 ," 1,787 ", 7 ," 18,597 ",,,,,,
31/07/2020," 1,276 ", 347 , 302 , 946 ," 1,096 "," 1,451 "," 4,983 ", 382 ," 2,784 "," 3,198 ", 9 , 54 ," 1,792 ", 7 ," 18,627 ",,,,,,
01/08/2020," 1,277 ", 347 , 302 , 946 ," 1,097 "," 1,457 "," 4,986 ", 383 ," 2,784 "," 3,203 ", 9 , 54 ," 1,793 ", 7 ," 18,645 ",,,,,,
02/08/2020," 1,277 ", 347 , 303 , 947 ," 1,097 "," 1,470 "," 4,994 ", 383 ," 2,785 "," 3,208 ", 9 , 54 ," 1,795 ", 7 ," 18,676 ",,,,,,
03/08/2020," 1,277 ", 347 , 303 , 947 ," 1,097 "," 1,481 "," 5,000 ", 383 ," 2,785 "," 3,209 ", 9 , 54 ," 1,795 ", 7 ," 18,694 ",,,,,,
04/08/2020," 1,277 ", 347 , 304 , 947 ," 1,097 "," 1,496 "," 5,004 ", 383 ," 2,785 "," 3,212 ", 9 , 54 ," 1,795 ", 7 ," 18,717 ",,,,,,
05/08/2020," 1,278 ", 347 , 304 , 948 ," 1,098 "," 1,532 "," 5,019 ", 385 ," 2,788 "," 3,215 ", 9 , 54 ," 1,797 ", 7 ," 18,781 ",,,,,,
06/08/2020," 1,278 ", 347 , 305 , 948 ," 1,099 "," 1,570 "," 5,036 ", 385 ," 2,790 "," 3,218 ", 9 , 54 ," 1,801 ", 7 ," 18,847 ",,,,,,
07/08/2020," 1,279 ", 347 , 305 , 952 ," 1,100 "," 1,597 "," 5,041 ", 385 ," 2,792 "," 3,219 ", 9 , 54 ," 1,803 ", 7 ," 18,890 ",,"*** on 7 August 2020, NHS Grampian, NHS Greater Glasgow & Clyde and NHS Lothian each de-notified one previous case - their numbers represent the net gain. ***",,,,
08/08/2020," 1,280 ", 348 , 305 , 953 ," 1,102 "," 1,636 "," 5,050 ", 386 ," 2,794 "," 3,222 ", 9 , 54 ," 1,804 ", 7 ," 18,950 ",,,,,,
09/08/2020," 1,282 ", 348 , 305 , 953 ," 1,107 "," 1,664 "," 5,052 ", 386 ," 2,797 "," 3,227 ", 9 , 55 ," 1,806 ", 7 ," 18,998 ",,*** One positive case that was assigned to NHS Grampian on 8 Auguust 2020 has been reassigned to NHS Shetland as they are a resident of NHS Shetland and had been tested while visiting Grampian ***,,,,
10/08/2020," 1,283 ", 348 , 305 , 954 ," 1,103 "," 1,682 "," 5,058 ", 386 ," 2,798 "," 3,230 ", 9 , 55 ," 1,809 ", 7 ," 19,027 ",,"*** on 10 August 2020, NHS Forth Valley de-notified four previous cases - their numbers represent the net change (negative). ***",,,,
11/08/2020," 1,283 ", 349 , 305 , 957 ," 1,104 "," 1,709 "," 5,071 ", 388 ," 2,799 "," 3,231 ", 9 , 56 ," 1,811 ", 7 ," 19,079 ",,,,,,
12/08/2020," 1,285 ", 349 , 305 , 957 ," 1,106 "," 1,733 "," 5,079 ", 388 ," 2,801 "," 3,236 ", 9 , 56 ," 1,815 ", 7 ," 19,126 ",,,,,,
13/08/2020," 1,286 ", 350 , 305 , 959 ," 1,107 "," 1,759 "," 5,089 ", 388 ," 2,801 "," 3,237 ", 12 , 56 ," 1,817 ", 7 ," 19,173 ",,*** One positive case in NHS Lanarkshire was de-notified - their numbers represent a net gain of zero but one new case was reported on 13 August 2020.***,,,,
14/08/2020," 1,286 ", 350 , 305 , 964 ," 1,107 "," 1,787 "," 5,098 ", 389 ," 2,813 "," 3,239 ", 14 , 56 ," 1,823 ", 7 ," 19,238 ",,,,,,
15/08/2020," 1,286 ", 350 , 305 , 964 ," 1,108 "," 1,812 "," 5,106 ", 389 ," 2,821 "," 3,243 ", 15 , 56 ," 1,827 ", 7 ," 19,289 ",,,,,,
16/08/2020," 1,287 ", 350 , 305 , 964 ," 1,108 "," 1,826 "," 5,117 ", 389 ," 2,824 "," 3,248 ", 16 , 56 ," 1,835 ", 7 ," 19,332 ",,,,,,
17/08/2020," 1,288 ", 350 , 305 , 966 ," 1,108 "," 1,839 "," 5,123 ", 390 ," 2,824 "," 3,248 ", 16 , 56 ," 1,838 ", 7 ," 19,358 ",,,,,,
18/08/2020," 1,290 ", 350 , 305 , 967 ," 1,109 "," 1,846 "," 5,135 ", 391 ," 2,830 "," 3,251 ", 16 , 56 ," 1,854 ", 7 ," 19,407 ",,,,,,
19/08/2020," 1,293 ", 350 , 305 , 969 ," 1,110 "," 1,861 "," 5,145 ", 392 ," 2,833 "," 3,254 ", 16 , 56 ," 1,866 ", 7 ," 19,457 ",,,,,,
20/08/2020," 1,295 ", 350 , 306 , 969 ," 1,112 "," 1,873 "," 5,167 ", 393 ," 2,843 "," 3,254 ", 16 , 56 ," 1,893 ", 7 ," 19,534 ",,,,,,
21/08/2020," 1,295 ", 350 , 307 , 970 ," 1,112 "," 1,883 "," 5,183 ", 396 ," 2,847 "," 3,259 ", 16 , 56 ," 1,924 ", 7 ," 19,605 ",,,,,,
22/08/2020," 1,298 ", 352 , 308 , 972 ," 1,113 "," 1,891 "," 5,194 ", 399 ," 2,855 "," 3,265 ", 16 , 56 ," 2,002 ", 7 ," 19,728 ",,,,,,
23/08/2020," 1,302 ", 353 , 309 , 977 ," 1,114 "," 1,894 "," 5,210 ", 399 ," 2,859 "," 3,276 ", 16 , 56 ," 2,039 ", 7 ," 19,811 ",,,,,,
24/08/2020," 1,304 ", 355 , 309 , 978 ," 1,117 "," 1,899 "," 5,225 ", 399 ," 2,876 "," 3,283 ", 16 , 56 ," 2,053 ", 7 ," 19,877 ",,,,,,
25/08/2020," 1,306 ", 356 , 309 , 978 ," 1,118 "," 1,905 "," 5,237 ", 401 ," 2,881 "," 3,291 ", 16 , 56 ," 2,060 ", 7 ," 19,921 ",,,,,,
26/08/2020," 1,308 ", 359 , 310 , 979 ," 1,118 "," 1,910 "," 5,252 ", 402 ," 2,889 "," 3,306 ", 16 , 56 ," 2,076 ", 7 ," 19,988 ",,,,,,
27/08/2020," 1,310 ", 360 , 311 , 980 ," 1,120 "," 1,919 "," 5,273 ", 403 ," 2,897 "," 3,313 ", 16 , 56 ," 2,091 ", 7 ," 20,056 ",,,,,,
28/08/2020," 1,314 ", 364 , 312 , 982 ," 1,123 "," 1,921 "," 5,287 ", 403 ," 2,900 "," 3,321 ", 16 , 56 ," 2,101 ", 7 ," 20,107 ",,,,,,
29/08/2020," 1,324 ", 366 , 312 , 985 ," 1,126 "," 1,927 "," 5,323 ", 407 ," 2,907 "," 3,327 ", 16 , 56 ," 2,112 ", 7 ," 20,195 ",,,,,,
30/08/2020," 1,340 ", 367 , 313 , 989 ," 1,133 "," 1,933 "," 5,362 ", 408 ," 2,933 "," 3,342 ", 16 , 56 ," 2,119 ", 7 ," 20,318 ",,,,,,
31/08/2020," 1,348 ", 370 , 313 , 993 ," 1,142 "," 1,937 "," 5,431 ", 411 ," 2,960 "," 3,360 ", 17 , 56 ," 2,133 ", 7 ," 20,478 ",,,,,,
01/09/2020," 1,359 ", 372 , 314 , 997 ," 1,149 "," 1,939 "," 5,497 ", 417 ," 2,987 "," 3,378 ", 17 , 56 ," 2,143 ", 7 ," 20,632 ",,,,,,
02/09/2020," 1,365 ", 373 , 314 ," 1,000 "," 1,156 "," 1,942 "," 5,583 ", 421 ," 3,013 "," 3,394 ", 17 , 56 ," 2,147 ", 7 ," 20,788 ",,,,,,
03/09/2020," 1,371 ", 375 , 314 ," 1,000 "," 1,157 "," 1,948 "," 5,636 ", 432 ," 3,028 "," 3,397 ", 17 , 56 ," 2,151 ", 7 ," 20,889 ",,,,,,
04/09/2020," 1,381 ", 378 , 314 ," 1,006 "," 1,164 "," 1,954 "," 5,709 ", 445 ," 3,044 "," 3,414 ", 17 , 56 ," 2,157 ", 9 ," 21,048 ",,Please see note C6 on the notes page regarding the increase in Western Isles,,,,
05/09/2020," 1,388 ", 379 , 315 ," 1,006 "," 1,178 "," 1,956 "," 5,777 ", 451 ," 3,064 "," 3,428 ", 17 , 56 ," 2,165 ", 9 ," 21,189 ",,,,,,
06/09/2020," 1,399 ", 383 , 318 ," 1,014 "," 1,192 "," 1,970 "," 5,869 ", 457 ," 3,094 "," 3,446 ", 17 , 56 ," 2,173 ", 9 ," 21,397 ",,,,,,
07/09/2020," 1,408 ", 384 , 318 ," 1,016 "," 1,195 "," 1,978 "," 5,947 ", 463 ," 3,113 "," 3,459 ", 17 , 56 ," 2,180 ", 9 ," 21,543 ",,,,,,
08/09/2020," 1,416 ", 386 , 322 ," 1,018 "," 1,203 "," 1,983 "," 6,038 ", 467 ," 3,145 "," 3,475 ", 17 , 56 ," 2,184 ", 9 ," 21,719 ",,,,,,
09/09/2020," 1,425 ", 389 , 323 ," 1,025 "," 1,213 "," 1,991 "," 6,101 ", 470 ," 3,164 "," 3,504 ", 17 , 56 ," 2,191 ", 9 ," 21,878 ",,,,,,
10/09/2020," 1,433 ", 393 , 326 ," 1,030 "," 1,216 "," 1,996 "," 6,166 ", 473 ," 3,210 "," 3,516 ", 17 , 57 ," 2,197 ", 9 ," 22,039 ",,,,,,
11/09/2020," 1,445 ", 395 , 326 ," 1,033 "," 1,223 "," 1,998 "," 6,246 ", 477 ," 3,249 "," 3,540 ", 17 , 57 ," 2,199 ", 9 ," 22,214 ",,,,,,
12/09/2020," 1,449 ", 401 , 329 ," 1,038 "," 1,224 "," 2,003 "," 6,352 ", 481 ," 3,297 "," 3,575 ", 17 , 57 ," 2,203 ", 9 ," 22,435 ",,,,,,
13/09/2020," 1,460 ", 413 , 330 ," 1,042 "," 1,228 "," 2,011 "," 6,456 ", 489 ," 3,359 "," 3,600 ", 17 , 57 ," 2,208 ", 9 ," 22,679 ",,,,,,
14/09/2020," 1,470 ", 415 , 331 ," 1,044 "," 1,230 "," 2,017 "," 6,483 ", 494 ," 3,367 "," 3,606 ", 17 , 57 ," 2,209 ", 9 ," 22,749 ",,,,,,
15/09/2020," 1,483 ", 420 , 333 ," 1,049 "," 1,239 "," 2,026 "," 6,584 ", 501 ," 3,426 "," 3,659 ", 17 , 57 ," 2,213 ", 9 ," 23,016 ",,,,,,
16/09/2020," 1,492 ", 424 , 340 ," 1,052 "," 1,254 "," 2,042 "," 6,689 ", 512 ," 3,466 "," 3,704 ", 17 , 57 ," 2,225 ", 9 ," 23,283 ",,,,,,
17/09/2020," 1,506 ", 433 , 341 ," 1,063 "," 1,263 "," 2,055 "," 6,801 ", 525 ," 3,518 "," 3,751 ", 17 , 57 ," 2,233 ", 10 ," 23,573 ",,Please see note C6 on the notes page regarding the increase in Western Isles,,,,
18/09/2020," 1,514 ", 447 , 343 ," 1,070 "," 1,273 "," 2,065 "," 6,870 ", 535 ," 3,547 "," 3,781 ", 17 , 57 ," 2,247 ", 10 ," 23,776 ",,,,,,
19/09/2020," 1,527 ", 460 , 346 ," 1,091 "," 1,281 "," 2,078 "," 6,986 ", 549 ," 3,603 "," 3,861 ", 19 , 60 ," 2,255 ", 10 ," 24,126 ",,,,,,
20/09/2020," 1,528 ", 465 , 350 ," 1,114 "," 1,293 "," 2,098 "," 7,046 ", 557 ," 3,652 "," 3,914 ", 19 , 60 ," 2,265 ", 10 ," 24,371 ",,,,,,
21/09/2020," 1,535 ", 473 , 354 ," 1,128 "," 1,309 "," 2,114 "," 7,149 ", 559 ," 3,699 "," 3,944 ", 19 , 60 ," 2,273 ", 10 ," 24,626 ",,,,,,
22/09/2020," 1,542 ", 473 , 356 ," 1,142 "," 1,324 "," 2,121 "," 7,330 ", 566 ," 3,791 "," 3,995 ", 19 , 60 ," 2,280 ", 10 ," 25,009 ",,,,,,
23/09/2020," 1,555 ", 478 , 360 ," 1,165 "," 1,336 "," 2,140 "," 7,554 ", 574 ," 3,898 "," 4,052 ", 19 , 60 ," 2,294 ", 10 ," 25,495 ",,,,,,
24/09/2020," 1,567 ", 479 , 367 ," 1,182 "," 1,352 "," 2,159 "," 7,773 ", 594 ," 3,964 "," 4,125 ", 20 , 60 ," 2,308 ", 10 ," 25,960 ",,,,,,
25/09/2020," 1,591 ", 487 , 370 ," 1,200 "," 1,363 "," 2,171 "," 8,028 ", 609 ," 4,025 "," 4,244 ", 20 , 60 ," 2,337 ", 13 ," 26,518 ",,,,,,
26/09/2020," 1,618 ", 493 , 379 ," 1,246 "," 1,379 "," 2,196 "," 8,318 ", 622 ," 4,116 "," 4,357 ", 22 , 60 ," 2,413 ", 13 ," 27,232 ",,,,,,
27/09/2020," 1,638 ", 497 , 388 ," 1,251 "," 1,385 "," 2,208 "," 8,490 ", 630 ," 4,174 "," 4,397 ", 22 , 60 ," 2,419 ", 17 ," 27,576 ",,,,,,
28/09/2020," 1,646 ", 501 , 391 ," 1,263 "," 1,396 "," 2,221 "," 8,543 ", 634 ," 4,211 "," 4,451 ", 22 , 60 ," 2,433 ", 26 ," 27,798 ",,,,,,
29/09/2020," 1,684 ", 509 , 399 ," 1,299 "," 1,420 "," 2,275 "," 8,845 ", 646 ," 4,302 "," 4,631 ", 23 , 60 ," 2,483 ", 28 ," 28,604 ",,,,,,
30/09/2020," 1,703 ", 514 , 411 ," 1,331 "," 1,448 "," 2,313 "," 9,077 ", 653 ," 4,375 "," 4,791 ", 23 , 60 ," 2,515 ", 30 ," 29,244 ",,,,,,
01/10/2020," 1,730 ", 515 , 416 ," 1,358 "," 1,467 "," 2,338 "," 9,321 ", 669 ," 4,498 "," 4,957 ", 23 , 60 ," 2,528 ", 32 ," 29,912 ",,,,,,
02/10/2020," 1,776 ", 520 , 429 ," 1,381 "," 1,492 "," 2,362 "," 9,645 ", 681 ," 4,600 "," 5,121 ", 23 , 60 ," 2,558 ", 39 ," 30,687 ",,,,,,
03/10/2020," 1,810 ", 524 , 434 ," 1,404 "," 1,526 "," 2,381 "," 9,944 ", 700 ," 4,752 "," 5,264 ", 23 , 60 ," 2,585 ", 44 ," 31,451 ",,,,,,
04/10/2020," 1,852 ", 530 , 441 ," 1,430 "," 1,553 "," 2,407 "," 10,210 ", 715 ," 4,890 "," 5,440 ", 23 , 60 ," 2,614 ", 44 ," 32,209 ",,,,,,
05/10/2020," 1,892 ", 540 , 446 ," 1,452 "," 1,589 "," 2,431 "," 10,452 ", 722 ," 5,020 "," 5,585 ", 23 , 60 ," 2,647 ", 47 ," 32,906 ",,,,,,
06/10/2020," 1,932 ", 544 , 449 ," 1,473 "," 1,631 "," 2,451 "," 10,755 ", 728 ," 5,187 "," 5,749 ", 23 , 60 ," 2,674 ", 50 ," 33,706 ",,,,,,
07/10/2020," 1,995 ", 549 , 464 ," 1,515 "," 1,667 "," 2,485 "," 11,165 ", 747 ," 5,382 "," 5,939 ", 23 , 60 ," 2,716 ", 53 ," 34,760 ",,,,,,
08/10/2020," 2,068 ", 560 , 471 ," 1,537 "," 1,701 "," 2,525 "," 11,570 ", 758 ," 5,612 "," 6,091 ", 23 , 60 ," 2,758 ", 53 ," 35,787 ",,,,,,
09/10/2020," 2,152 ", 564 , 484 ," 1,564 "," 1,754 "," 2,593 "," 12,010 ", 772 ," 5,918 "," 6,283 ", 23 , 60 ," 2,800 ", 56 ," 37,033 ",,,,,,
10/10/2020," 2,223 ", 567 , 510 ," 1,602 "," 1,784 "," 2,645 "," 12,367 ", 784 ," 6,122 "," 6,443 ", 24 , 61 ," 2,854 ", 56 ," 38,042 ",,,,,,
11/10/2020," 2,295 ", 570 , 547 ," 1,634 "," 1,829 "," 2,684 "," 12,663 ", 795 ," 6,347 "," 6,601 ", 24 , 62 ," 2,890 ", 57 ," 38,998 ",,,,,,
12/10/2020," 2,383 ", 574 , 556 ," 1,653 "," 1,862 "," 2,719 "," 13,022 ", 807 ," 6,591 "," 6,713 ", 24 , 62 ," 2,935 ", 58 ," 39,959 ",,,,,,
13/10/2020," 2,478 ", 585 , 580 ," 1,695 "," 1,918 "," 2,774 "," 13,441 ", 820 ," 6,928 "," 6,904 ", 24 , 62 ," 2,989 ", 58 ," 41,256 ",,,,,,
14/10/2020," 2,570 ", 589 , 595 ," 1,743 "," 1,976 "," 2,816 "," 13,978 ", 828 ," 7,255 "," 7,143 ", 24 , 63 ," 3,047 ", 58 ," 42,685 ",,,,,,
15/10/2020," 2,681 ", 600 , 624 ," 1,775 "," 2,029 "," 2,855 "," 14,428 ", 842 ," 7,629 "," 7,304 ", 24 , 63 ," 3,124 ", 58 ," 44,036 ",,,,,,
16/10/2020," 2,785 ", 605 , 653 ," 1,802 "," 2,059 "," 2,889 "," 14,844 ", 856 ," 7,938 "," 7,465 ", 26 , 63 ," 3,188 ", 59 ," 45,232 ",,,,,,
17/10/2020," 2,888 ", 612 , 663 ," 1,829 "," 2,099 "," 2,927 "," 15,279 ", 867 ," 8,284 "," 7,579 ", 26 , 63 ," 3,221 ", 62 ," 46,399 ",,,,,,
18/10/2020," 2,926 ", 614 , 670 ," 1,832 "," 2,108 "," 2,935 "," 15,382 ", 874 ," 8,382 "," 7,614 ", 26 , 63 ," 3,227 ", 62 ," 46,715 ",,Please see note C9 on the notes page,,,,
19/10/2020," 2,983 ", 619 , 682 ," 1,857 "," 2,132 "," 2,962 "," 15,744 ", 890 ," 8,676 "," 7,736 ", 26 , 63 ," 3,276 ", 62 ," 47,708 ",,,,,,
20/10/2020," 3,099 ", 630 , 698 ," 1,903 "," 2,177 "," 3,016 "," 16,244 ", 902 ," 9,069 "," 7,934 ", 27 , 64 ," 3,339 ", 62 ," 49,164 ",,,,,,
21/10/2020," 3,204 ", 640 , 714 ," 1,939 "," 2,248 "," 3,055 "," 16,849 ", 921 ," 9,589 "," 8,164 ", 28 , 64 ," 3,424 ", 64 ," 50,903 ",,,,,,
22/10/2020," 3,355 ", 646 , 733 ," 2,005 "," 2,322 "," 3,086 "," 17,433 ", 947 ," 10,046 "," 8,356 ", 29 , 65 ," 3,528 ", 64 ," 52,615 ",,,,,,
23/10/2020," 3,472 ", 653 , 750 ," 2,053 "," 2,359 "," 3,103 "," 17,926 ", 956 ," 10,459 "," 8,525 ", 31 , 65 ," 3,599 ", 65 ," 54,016 ",,,,,,
24/10/2020," 3,646 ", 656 , 765 ," 2,111 "," 2,414 "," 3,131 "," 18,450 ", 970 ," 10,780 "," 8,691 ", 31 , 66 ," 3,670 ", 68 ," 55,449 ",,,,,,
25/10/2020," 3,778 ", 661 , 774 ," 2,176 "," 2,460 "," 3,186 "," 18,887 ", 983 ," 11,121 "," 8,846 ", 31 , 66 ," 3,715 ", 68 ," 56,752 ",,,,,,
26/10/2020," 3,875 ", 672 , 793 ," 2,217 "," 2,504 "," 3,218 "," 19,315 ", 994 ," 11,395 "," 8,951 ", 31 , 66 ," 3,775 ", 68 ," 57,874 ",,,,,,
27/10/2020," 3,971 ", 677 , 818 ," 2,255 "," 2,565 "," 3,240 "," 19,769 "," 1,008 "," 11,742 "," 9,153 ", 31 , 66 ," 3,838 ", 68 ," 59,201 ",,,,,,
28/10/2020," 4,062 ", 680 , 831 ," 2,291 "," 2,605 "," 3,268 "," 20,220 "," 1,026 "," 12,034 "," 9,305 ", 32 , 67 ," 3,914 ", 68 ," 60,403 ",,,,,,
29/10/2020," 4,183 ", 690 , 840 ," 2,345 "," 2,650 "," 3,294 "," 20,636 "," 1,036 "," 12,300 "," 9,422 ", 33 , 67 ," 3,966 ", 69 ," 61,531 ",,,,,,
30/10/2020," 4,268 ", 699 , 857 ," 2,384 "," 2,693 "," 3,324 "," 21,132 "," 1,057 "," 12,558 "," 9,616 ", 33 , 67 ," 4,055 ", 69 ," 62,812 ",,,,,,
31/10/2020," 4,352 ", 707 , 872 ," 2,434 "," 2,730 "," 3,366 "," 21,506 "," 1,068 "," 12,875 "," 9,737 ", 33 , 68 ," 4,096 ", 69 ," 63,913 ",,,,,,
01/11/2020," 4,435 ", 717 , 885 ," 2,471 "," 2,786 "," 3,396 "," 21,949 "," 1,095 "," 13,128 "," 9,877 ", 33 , 68 ," 4,152 ", 69 ," 65,061 ",,,,,,
02/11/2020," 4,511 ", 728 , 896 ," 2,509 "," 2,819 "," 3,413 "," 22,334 "," 1,106 "," 13,396 "," 9,946 ", 33 , 68 ," 4,184 ", 69 ," 66,012 ",,,,,,
03/11/2020," 4,618 ", 740 , 906 ," 2,551 "," 2,841 "," 3,443 "," 22,712 "," 1,118 "," 13,603 "," 10,074 ", 33 , 69 ," 4,234 ", 69 ," 67,011 ",,,,,,
04/11/2020," 4,706 ", 750 , 916 ," 2,634 "," 2,875 "," 3,485 "," 23,314 "," 1,130 "," 13,921 "," 10,237 ", 33 , 70 ," 4,304 ", 69 ," 68,444 ",,,,,,
05/11/2020," 4,786 ", 753 , 935 ," 2,703 "," 2,950 "," 3,512 "," 23,795 "," 1,148 "," 14,157 "," 10,365 ", 33 , 70 ," 4,384 ", 69 ," 69,660 ",,,,,,
06/11/2020," 4,861 ", 767 , 958 ," 2,750 "," 2,979 "," 3,536 "," 24,255 "," 1,165 "," 14,367 "," 10,477 ", 33 , 70 ," 4,445 ", 69 ," 70,732 ",,,,,,
07/11/2020," 4,979 ", 785 , 979 ," 2,825 "," 3,045 "," 3,567 "," 24,857 "," 1,185 "," 14,735 "," 10,668 ", 34 , 70 ," 4,530 ", 69 ," 72,328 ",,,,,,
08/11/2020," 5,080 ", 792 , 986 ," 2,886 "," 3,088 "," 3,609 "," 25,273 "," 1,200 "," 14,980 "," 10,790 ", 34 , 70 ," 4,585 ", 70 ," 73,443 ",,,,,,
09/11/2020," 5,153 ", 798 , 997 ," 2,936 "," 3,108 "," 3,635 "," 25,636 "," 1,206 "," 15,199 "," 10,897 ", 34 , 70 ," 4,616 ", 70 ," 74,355 ",,,,,,
10/11/2020," 5,243 ", 806 ," 1,003 "," 2,969 "," 3,147 "," 3,655 "," 25,929 "," 1,215 "," 15,370 "," 11,011 ", 34 , 70 ," 4,665 ", 70 ," 75,187 ",,,,,,
11/11/2020," 5,323 ", 812 ," 1,015 "," 3,038 "," 3,203 "," 3,706 "," 26,417 "," 1,224 "," 15,642 "," 11,156 ", 34 , 70 ," 4,737 ", 71 ," 76,448 ",,,,,,
12/11/2020," 5,399 ", 831 ," 1,033 "," 3,114 "," 3,234 "," 3,760 "," 26,891 "," 1,241 "," 15,873 "," 11,297 ", 35 , 70 ," 4,810 ", 72 ," 77,660 ",,,,,,
13/11/2020," 5,476 ", 841 ," 1,046 "," 3,262 "," 3,314 "," 3,810 "," 27,324 "," 1,254 "," 16,140 "," 11,460 ", 35 , 70 ," 4,911 ", 74 ," 79,017 ",,,,,,
14/11/2020," 5,554 ", 848 ," 1,053 "," 3,344 "," 3,373 "," 3,885 "," 27,724 "," 1,268 "," 16,358 "," 11,580 ", 35 , 70 ," 4,968 ", 75 ," 80,135 ",,,,,,
15/11/2020," 5,644 ", 867 ," 1,060 "," 3,412 "," 3,443 "," 3,937 "," 28,183 "," 1,277 "," 16,584 "," 11,688 ", 35 , 70 ," 5,019 ", 75 ," 81,294 ",,,,,,
16/11/2020," 5,692 ", 881 ," 1,068 "," 3,454 "," 3,506 "," 3,970 "," 28,403 "," 1,288 "," 16,720 "," 11,789 ", 35 , 71 ," 5,059 ", 75 ," 82,011 ",,,,,,
17/11/2020," 5,771 ", 888 ," 1,074 "," 3,516 "," 3,586 "," 4,015 "," 28,842 "," 1,297 "," 17,002 "," 11,942 ", 35 , 71 ," 5,145 ", 75 ," 83,259 ",,,,,,
18/11/2020," 5,857 ", 896 ," 1,077 "," 3,600 "," 3,648 "," 4,062 "," 29,262 "," 1,311 "," 17,314 "," 12,083 ", 35 , 71 ," 5,232 ", 75 ," 84,523 ",,,,,,
19/11/2020," 5,935 ", 910 ," 1,087 "," 3,665 "," 3,689 "," 4,124 "," 29,611 "," 1,322 "," 17,527 "," 12,266 ", 36 , 73 ," 5,292 ", 75 ," 85,612 ",,,,,,
20/11/2020," 6,021 ", 921 ," 1,092 "," 3,725 "," 3,745 "," 4,179 "," 30,002 "," 1,328 "," 17,689 "," 12,389 ", 36 , 73 ," 5,355 ", 75 ," 86,630 ",,,,,,
21/11/2020," 6,080 ", 933 ," 1,104 "," 3,777 "," 3,789 "," 4,215 "," 30,236 "," 1,334 "," 17,935 "," 12,529 ", 36 , 73 ," 5,401 ", 75 ," 87,517 ",,,,,,
22/11/2020," 6,126 ", 942 ," 1,109 "," 3,821 "," 3,815 "," 4,263 "," 30,545 "," 1,339 "," 18,116 "," 12,648 ", 36 , 73 ," 5,453 ", 75 ," 88,361 ",,,,,,
23/11/2020," 6,209 ", 950 ," 1,114 "," 3,881 "," 3,849 "," 4,306 "," 30,915 "," 1,346 "," 18,306 "," 12,743 ", 36 , 73 ," 5,507 ", 75 ," 89,310 ",,,,,,
24/11/2020," 6,259 ", 956 ," 1,115 "," 3,929 "," 3,893 "," 4,355 "," 31,162 "," 1,357 "," 18,462 "," 12,851 ", 36 , 71 ," 5,560 ", 75 ," 90,081 ",,,,,,
25/11/2020," 6,321 ", 962 ," 1,123 "," 3,969 "," 3,917 "," 4,477 "," 31,422 "," 1,371 "," 18,652 "," 12,945 ", 36 , 73 ," 5,618 ", 75 ," 90,961 ",,,,,,
26/11/2020," 6,440 ", 968 ," 1,129 "," 4,046 "," 3,984 "," 4,551 "," 31,805 "," 1,384 "," 18,887 "," 13,113 ", 37 , 75 ," 5,691 ", 76 ," 92,186 ",,,,,,
27/11/2020," 6,503 ", 973 ," 1,137 "," 4,106 "," 4,027 "," 4,624 "," 32,120 "," 1,391 "," 19,088 "," 13,234 ", 37 , 75 ," 5,762 ", 78 ," 93,155 ",,,,,,
28/11/2020," 6,561 ", 979 ," 1,141 "," 4,165 "," 4,072 "," 4,674 "," 32,341 "," 1,410 "," 19,254 "," 13,356 ", 37 , 75 ," 5,800 ", 78 ," 93,943 ",,,,,,
29/11/2020," 6,639 ", 980 ," 1,143 "," 4,212 "," 4,112 "," 4,721 "," 32,570 "," 1,422 "," 19,413 "," 13,434 ", 37 , 75 ," 5,853 ", 78 ," 94,689 ",,,,,,
30/11/2020," 6,672 ", 983 ," 1,143 "," 4,240 "," 4,120 "," 4,758 "," 32,703 "," 1,426 "," 19,461 "," 13,482 ", 37 , 75 ," 5,879 ", 78 ," 95,057 ",,,,,,
01/12/2020," 6,716 ", 994 ," 1,147 "," 4,300 "," 4,178 "," 4,801 "," 32,939 "," 1,433 "," 19,629 "," 13,565 ", 38 , 75 ," 5,915 ", 81 ," 95,811 ",,,,,,
02/12/2020," 6,786 "," 1,000 "," 1,155 "," 4,369 "," 4,226 "," 4,864 "," 33,282 "," 1,445 "," 19,783 "," 13,680 ", 38 , 75 ," 5,978 ", 81 ," 96,762 ",,,,,,
03/12/2020," 6,875 "," 1,007 "," 1,160 "," 4,429 "," 4,274 "," 4,940 "," 33,539 "," 1,461 "," 19,938 "," 13,830 ", 38 , 76 ," 6,071 ", 82 ," 97,720 ",,,,,,
04/12/2020," 6,944 "," 1,014 "," 1,167 "," 4,492 "," 4,321 "," 5,008 "," 33,797 "," 1,559 "," 20,104 "," 13,947 ", 38 , 76 ," 6,137 ", 82 ," 98,686 ",,,,,,
05/12/2020," 7,008 "," 1,020 "," 1,172 "," 4,544 "," 4,370 "," 5,077 "," 34,007 "," 1,574 "," 20,221 "," 14,096 ", 38 , 76 ," 6,178 ", 82 ," 99,463 ",,,,,,
06/12/2020," 7,078 "," 1,023 "," 1,177 "," 4,604 "," 4,394 "," 5,125 "," 34,197 "," 1,577 "," 20,347 "," 14,160 ", 38 , 76 ," 6,228 ", 82 ," 100,106 ",,,,,,
07/12/2020," 7,134 "," 1,029 "," 1,182 "," 4,656 "," 4,446 "," 5,190 "," 34,375 "," 1,584 "," 20,450 "," 14,274 ", 38 , 76 ," 6,267 ", 82 ," 100,783 ",,,,,,
08/12/2020," 7,218 "," 1,041 "," 1,185 "," 4,701 "," 4,488 "," 5,233 "," 34,564 "," 1,589 "," 20,540 "," 14,407 ", 38 , 76 ," 6,313 ", 82 ," 101,475 ",,,,,,
09/12/2020," 7,283 "," 1,056 "," 1,194 "," 4,764 "," 4,539 "," 5,330 "," 34,787 "," 1,602 "," 20,687 "," 14,557 ", 38 , 76 ," 6,377 ", 82 ," 102,372 ",,,,,,
10/12/2020," 7,364 "," 1,067 "," 1,200 "," 4,855 "," 4,619 "," 5,393 "," 35,002 "," 1,613 "," 20,843 "," 14,715 ", 38 , 76 ," 6,434 ", 86 ," 103,305 ",,,,,,
11/12/2020," 7,481 "," 1,079 "," 1,204 "," 4,934 "," 4,653 "," 5,504 "," 35,248 "," 1,626 "," 20,968 "," 14,911 ", 38 , 76 ," 6,498 ", 86 ," 104,306 ",,,,,,
12/12/2020," 7,570 "," 1,104 "," 1,209 "," 5,038 "," 4,708 "," 5,583 "," 35,544 "," 1,640 "," 21,119 "," 15,054 ", 38 , 76 ," 6,601 ", 86 ," 105,370 ",,,,,,
13/12/2020," 7,650 "," 1,118 "," 1,211 "," 5,110 "," 4,736 "," 5,663 "," 35,723 "," 1,657 "," 21,235 "," 15,193 ", 38 , 76 ," 6,674 ", 86 ," 106,170 ",,,,,,
14/12/2020," 7,731 "," 1,129 "," 1,213 "," 5,152 "," 4,765 "," 5,726 "," 35,936 "," 1,669 "," 21,330 "," 15,328 ", 38 , 76 ," 6,723 ", 88 ," 106,904 ",,,,,,
15/12/2020," 7,811 "," 1,144 "," 1,218 "," 5,219 "," 4,805 "," 5,812 "," 36,142 "," 1,681 "," 21,457 "," 15,496 ", 38 , 76 ," 6,761 ", 89 ," 107,749 ",,,,,,
16/12/2020," 7,902 "," 1,162 "," 1,223 "," 5,263 "," 4,836 "," 5,893 "," 36,251 "," 1,697 "," 21,549 "," 15,636 ", 38 , 76 ," 6,822 ", 90 ," 108,438 ",,,,,,
17/12/2020," 7,965 "," 1,173 "," 1,236 "," 5,335 "," 4,879 "," 5,996 "," 36,472 "," 1,723 "," 21,678 "," 15,779 ", 38 , 76 ," 6,856 ", 90 ," 109,296 ",,,,,,
18/12/2020," 8,016 "," 1,195 "," 1,247 "," 5,375 "," 4,908 "," 6,090 "," 36,644 "," 1,738 "," 21,743 "," 15,937 ", 38 , 76 ," 6,943 ", 90 ," 110,040 ",,,,,,
19/12/2020," 8,081 "," 1,205 "," 1,248 "," 5,413 "," 4,939 "," 6,136 "," 36,764 "," 1,750 "," 21,864 "," 16,040 ", 38 , 76 ," 6,966 ", 91 ," 110,612 ",,,,,,
20/12/2020," 8,176 "," 1,216 "," 1,258 "," 5,471 "," 4,974 "," 6,264 "," 37,038 "," 1,772 "," 21,951 "," 16,183 ", 38 , 76 ," 7,037 ", 92 ," 111,546 ",,,,,,
21/12/2020," 8,282 "," 1,244 "," 1,273 "," 5,552 "," 5,060 "," 6,408 "," 37,404 "," 1,797 "," 22,190 "," 16,460 ", 38 , 77 ," 7,173 ", 92 ," 113,050 ",,,,,,
22/12/2020," 8,382 "," 1,267 "," 1,298 "," 5,633 "," 5,100 "," 6,580 "," 37,825 "," 1,819 "," 22,331 "," 16,676 ", 38 , 77 ," 7,248 ", 92 ," 114,366 ",,,,,,
23/12/2020," 8,509 "," 1,283 "," 1,309 "," 5,701 "," 5,164 "," 6,736 "," 38,084 "," 1,837 "," 22,545 "," 16,833 ", 38 , 78 ," 7,347 ", 92 ," 115,556 ",,,,,,
24/12/2020," 8,609 "," 1,305 "," 1,327 "," 5,789 "," 5,202 "," 6,864 "," 38,418 "," 1,872 "," 22,779 "," 17,036 ", 38 , 80 ," 7,459 ", 92 ," 116,870 ",,,,,,
25/12/2020," 8,700 "," 1,333 "," 1,341 "," 5,844 "," 5,244 "," 7,014 "," 38,718 "," 1,906 "," 22,930 "," 17,239 ", 38 , 86 ," 7,548 ", 94 ," 118,035 ",,,,,,
26/12/2020," 8,771 "," 1,361 "," 1,358 "," 5,905 "," 5,287 "," 7,117 "," 39,041 "," 1,948 "," 23,147 "," 17,405 ", 39 , 87 ," 7,624 ", 94 ," 119,184 ",,,,,,
27/12/2020," 8,823 "," 1,383 "," 1,385 "," 5,943 "," 5,317 "," 7,174 "," 39,273 "," 1,973 "," 23,247 "," 17,509 ", 39 , 89 ," 7,675 ", 94 ," 119,924 ",,,,,,
28/12/2020," 8,885 "," 1,398 "," 1,393 "," 6,007 "," 5,358 "," 7,262 "," 39,525 "," 1,990 "," 23,402 "," 17,661 ", 39 , 91 ," 7,786 ", 94 ," 120,891 ",,,,,,
29/12/2020," 9,023 "," 1,457 "," 1,499 "," 6,067 "," 5,450 "," 7,426 "," 40,043 "," 2,024 "," 23,684 "," 17,941 ", 39 , 105 ," 7,934 ", 94 ," 122,786 ",,,,,,
30/12/2020," 9,163 "," 1,507 "," 1,591 "," 6,177 "," 5,544 "," 7,610 "," 40,661 "," 2,091 "," 23,979 "," 18,198 ", 39 , 112 ," 8,064 ", 95 ," 124,831 ",,,,,,
31/12/2020," 9,388 "," 1,586 "," 1,705 "," 6,278 "," 5,622 "," 7,870 "," 41,341 "," 2,172 "," 24,351 "," 18,577 ", 39 , 128 ," 8,300 ", 96 ," 127,453 ",,,,,,
01/01/2021," 9,591 "," 1,654 "," 1,862 "," 6,421 "," 5,731 "," 8,150 "," 42,027 "," 2,314 "," 24,700 "," 18,776 ", 39 , 147 ," 8,482 ", 98 ," 129,992 ",,,,,,
02/01/2021," 9,705 "," 1,789 "," 1,967 "," 6,550 "," 5,840 "," 8,350 "," 42,548 "," 2,348 "," 25,033 "," 19,102 ", 39 , 148 ," 8,603 ", 107 ," 132,129 ",,,,,,
03/01/2021," 9,925 "," 1,858 "," 2,137 "," 6,656 "," 5,936 "," 8,518 "," 43,234 "," 2,442 "," 25,373 "," 19,389 ", 39 , 149 ," 8,830 ", 107 ," 134,593 ",,,,,,
04/01/2021," 10,037 "," 1,921 "," 2,224 "," 6,751 "," 6,027 "," 8,751 "," 43,682 "," 2,532 "," 25,694 "," 19,609 ", 39 , 150 ," 8,974 ", 107 ," 136,498 ",,,,,,
05/01/2021," 10,198 "," 1,964 "," 2,337 "," 6,891 "," 6,173 "," 8,971 "," 44,377 "," 2,622 "," 26,082 "," 19,931 ", 39 , 151 ," 9,184 ", 107 ," 139,027 ",,,,,,
06/01/2021," 10,392 "," 2,013 "," 2,413 "," 6,980 "," 6,261 "," 9,177 "," 44,980 "," 2,705 "," 26,378 "," 20,095 ", 41 , 163 ," 9,361 ", 107 ," 141,066 ",,,,,,
07/01/2021," 10,575 "," 2,071 "," 2,496 "," 7,125 "," 6,418 "," 9,479 "," 45,640 "," 2,805 "," 26,767 "," 20,452 ", 41 , 168 ," 9,570 ", 108 ," 143,715 ",,,,,,
08/01/2021," 10,746 "," 2,101 "," 2,602 "," 7,271 "," 6,546 "," 9,671 "," 46,332 "," 2,863 "," 27,157 "," 20,672 ", 42 , 170 ," 9,742 ", 109 ," 146,024 ",,,,,,
09/01/2021," 10,856 "," 2,145 "," 2,646 "," 7,376 "," 6,635 "," 9,870 "," 46,819 "," 2,960 "," 27,462 "," 20,909 ", 45 , 172 ," 9,882 ", 112 ," 147,889 ",,,,,,
10/01/2021," 10,996 "," 2,184 "," 2,731 "," 7,495 "," 6,709 "," 10,057 "," 47,350 "," 3,028 "," 27,740 "," 21,097 ", 45 , 175 ," 10,047 ", 112 ," 149,766 ",,,,,,
11/01/2021," 11,140 "," 2,221 "," 2,784 "," 7,566 "," 6,794 "," 10,178 "," 47,944 "," 3,095 "," 28,047 "," 21,271 ", 45 , 175 ," 10,176 ", 112 ," 151,548 ",,,,,,
12/01/2021," 11,302 "," 2,266 "," 2,855 "," 7,667 "," 6,877 "," 10,314 "," 48,551 "," 3,152 "," 28,327 "," 21,485 ", 45 , 182 ," 10,285 ", 115 ," 153,423 ",,,,,,
13/01/2021," 11,436 "," 2,291 "," 2,910 "," 7,783 "," 6,967 "," 10,480 "," 49,143 "," 3,210 "," 28,685 "," 21,677 ", 45 , 185 ," 10,445 ", 115 ," 155,372 ",,,,,,
14/01/2021," 11,560 "," 2,312 "," 2,976 "," 7,870 "," 7,047 "," 10,685 "," 49,669 "," 3,278 "," 28,927 "," 21,854 ", 45 , 185 ," 10,548 ", 123 ," 157,079 ",,,,,,
15/01/2021," 11,729 "," 2,347 "," 3,044 "," 8,004 "," 7,185 "," 10,847 "," 50,305 "," 3,359 "," 29,266 "," 22,116 ", 46 , 189 ," 10,679 ", 123 ," 159,239 ",,,,,,
16/01/2021," 11,899 "," 2,372 "," 3,113 "," 8,082 "," 7,299 "," 11,010 "," 50,771 "," 3,413 "," 29,561 "," 22,285 ", 48 , 189 ," 10,810 ", 140 ," 160,992 ",,,,,,
17/01/2021," 12,024 "," 2,382 "," 3,161 "," 8,157 "," 7,373 "," 11,141 "," 51,183 "," 3,456 "," 29,787 "," 22,408 ", 48 , 192 ," 10,881 ", 140 ," 162,333 ",,,,,,
18/01/2021," 12,140 "," 2,411 "," 3,199 "," 8,218 "," 7,443 "," 11,254 "," 51,634 "," 3,477 "," 30,031 "," 22,586 ", 49 , 195 ," 10,971 ", 154 ," 163,762 ",,,,,,
19/01/2021," 12,236 "," 2,425 "," 3,234 "," 8,300 "," 7,504 "," 11,340 "," 51,988 "," 3,499 "," 30,209 "," 22,728 ", 51 , 200 ," 11,054 ", 159 ," 164,927 ",,,,,,
20/01/2021," 12,377 "," 2,449 "," 3,277 "," 8,370 "," 7,615 "," 11,492 "," 52,500 "," 3,543 "," 30,464 "," 22,879 ", 53 , 203 ," 11,198 ", 163 ," 166,583 ",,,,,,
21/01/2021," 12,493 "," 2,473 "," 3,334 "," 8,436 "," 7,720 "," 11,596 "," 53,010 "," 3,585 "," 30,792 "," 23,061 ", 53 , 205 ," 11,294 ", 167 ," 168,219 ",,,,,,
22/01/2021," 12,614 "," 2,504 "," 3,376 "," 8,498 "," 7,793 "," 11,724 "," 53,437 "," 3,631 "," 31,065 "," 23,227 ", 56 , 206 ," 11,400 ", 168 ," 169,699 ",,,,,,
23/01/2021," 12,722 "," 2,526 "," 3,408 "," 8,556 "," 7,862 "," 11,824 "," 53,819 "," 3,675 "," 31,321 "," 23,382 ", 56 , 208 ," 11,479 ", 168 ," 171,006 ",,,,,,
24/01/2021," 12,808 "," 2,547 "," 3,448 "," 8,600 "," 7,934 "," 11,950 "," 54,182 "," 3,709 "," 31,549 "," 23,493 ", 56 , 208 ," 11,548 ", 169 ," 172,201 ",,,,,,
25/01/2021," 12,895 "," 2,554 "," 3,473 "," 8,627 "," 7,986 "," 11,996 "," 54,406 "," 3,723 "," 31,687 "," 23,576 ", 57 , 209 ," 11,595 ", 169 ," 172,953 ",,,,,,
26/01/2021," 12,984 "," 2,566 "," 3,497 "," 8,677 "," 8,045 "," 12,074 "," 54,753 "," 3,756 "," 31,883 "," 23,672 ", 60 , 210 ," 11,655 ", 170 ," 174,002 ",,,,,,
27/01/2021," 13,094 "," 2,586 "," 3,543 "," 8,730 "," 8,129 "," 12,167 "," 55,147 "," 3,798 "," 32,128 "," 23,807 ", 60 , 210 ," 11,762 ", 171 ," 175,332 ",,,,,,
28/01/2021," 13,162 "," 2,597 "," 3,572 "," 8,786 "," 8,218 "," 12,261 "," 55,499 "," 3,843 "," 32,361 "," 23,957 ", 61 , 210 ," 11,826 ", 180 ," 176,533 ",,,,,,
29/01/2021," 13,270 "," 2,614 "," 3,599 "," 8,838 "," 8,295 "," 12,325 "," 55,836 "," 3,886 "," 32,568 "," 24,104 ", 61 , 210 ," 11,896 ", 186 ," 177,688 ",,,,,,
30/01/2021," 13,344 "," 2,626 "," 3,631 "," 8,870 "," 8,352 "," 12,388 "," 56,167 "," 3,926 "," 32,742 "," 24,223 ", 62 , 210 ," 11,955 ", 186 ," 178,682 ",,,,,,
31/01/2021," 13,457 "," 2,638 "," 3,660 "," 8,910 "," 8,406 "," 12,426 "," 56,458 "," 3,960 "," 32,918 "," 24,344 ", 62 , 210 ," 12,048 ", 188 ," 179,685 ",,,,,,
01/02/2021," 13,515 "," 2,649 "," 3,679 "," 8,950 "," 8,481 "," 12,471 "," 56,702 "," 3,976 "," 33,085 "," 24,455 ", 62 , 210 ," 12,109 ", 189 ," 180,533 ",,,,,,
02/02/2021," 13,579 "," 2,655 "," 3,695 "," 8,989 "," 8,552 "," 12,516 "," 56,963 "," 3,987 "," 33,223 "," 24,518 ", 62 , 210 ," 12,146 ", 196 ," 181,291 ",,,,,,
03/02/2021," 13,661 "," 2,666 "," 3,708 "," 9,031 "," 8,653 "," 12,569 "," 57,269 "," 4,029 "," 33,391 "," 24,600 ", 62 , 210 ," 12,223 ", 197 ," 182,269 ",,,,,,
04/02/2021," 13,721 "," 2,685 "," 3,725 "," 9,077 "," 8,785 "," 12,646 "," 57,608 "," 4,067 "," 33,581 "," 24,759 ", 62 , 210 ," 12,290 ", 202 ," 183,418 ",,,,,,
05/02/2021," 13,797 "," 2,690 "," 3,750 "," 9,101 "," 8,877 "," 12,701 "," 57,872 "," 4,114 "," 33,715 "," 24,862 ", 62 , 210 ," 12,353 ", 209 ," 184,313 ",,,,,,
06/02/2021," 13,866 "," 2,699 "," 3,768 "," 9,131 "," 8,974 "," 12,734 "," 58,125 "," 4,148 "," 33,873 "," 24,995 ", 63 , 210 ," 12,410 ", 212 ," 185,208 ",,,,,,
07/02/2021," 13,913 "," 2,705 "," 3,779 "," 9,156 "," 9,034 "," 12,778 "," 58,250 "," 4,163 "," 34,002 "," 25,067 ", 63 , 211 ," 12,457 ", 214 ," 185,792 ",,Please see note C13 on the notes page,,,,
08/02/2021," 13,996 "," 2,709 "," 3,806 "," 9,178 "," 9,097 "," 12,829 "," 58,533 "," 4,214 "," 34,171 "," 25,188 ", 63 , 211 ," 12,506 ", 219 ," 186,720 ",,,,,,
09/02/2021," 14,060 "," 2,715 "," 3,825 "," 9,202 "," 9,190 "," 12,863 "," 58,810 "," 4,246 "," 34,330 "," 25,278 ", 63 , 212 ," 12,526 ", 222 ," 187,542 ",,,,,,
10/02/2021," 14,157 "," 2,722 "," 3,844 "," 9,236 "," 9,272 "," 12,909 "," 59,020 "," 4,265 "," 34,460 "," 25,387 ", 64 , 212 ," 12,571 ", 226 ," 188,345 ",,,,,,
11/02/2021," 14,273 "," 2,727 "," 3,875 "," 9,259 "," 9,345 "," 12,954 "," 59,263 "," 4,309 "," 34,605 "," 25,468 ", 66 , 212 ," 12,590 ", 229 ," 189,175 ",,,,,,
12/02/2021," 14,392 "," 2,731 "," 3,888 "," 9,295 "," 9,430 "," 12,974 "," 59,520 "," 4,334 "," 34,738 "," 25,568 ", 68 , 212 ," 12,613 ", 242 ," 190,005 ",,,,,,
13/02/2021," 14,496 "," 2,735 "," 3,898 "," 9,330 "," 9,549 "," 13,031 "," 59,755 "," 4,362 "," 34,909 "," 25,671 ", 69 , 212 ," 12,653 ", 243 ," 190,913 ",,,,,,
14/02/2021," 14,589 "," 2,738 "," 3,907 "," 9,362 "," 9,636 "," 13,078 "," 60,006 "," 4,382 "," 35,061 "," 25,847 ", 69 , 212 ," 12,682 ", 247 ," 191,816 ",,,,,,
15/02/2021," 14,653 "," 2,743 "," 3,914 "," 9,387 "," 9,689 "," 13,097 "," 60,129 "," 4,411 "," 35,158 "," 25,959 ", 69 , 212 ," 12,704 ", 250 ," 192,375 ",,,,,,
16/02/2021," 14,699 "," 2,746 "," 3,929 "," 9,433 "," 9,763 "," 13,124 "," 60,381 "," 4,424 "," 35,284 "," 26,098 ", 69 , 212 ," 12,734 ", 252 ," 193,148 ",,,,,,
17/02/2021," 14,812 "," 2,758 "," 3,940 "," 9,460 "," 9,892 "," 13,177 "," 60,671 "," 4,450 "," 35,514 "," 26,279 ", 69 , 212 ," 12,781 ", 254 ," 194,269 ",,,,,,
18/02/2021," 14,843 "," 2,759 "," 3,948 "," 9,522 "," 9,985 "," 13,203 "," 60,829 "," 4,487 "," 35,614 "," 26,399 ", 70 , 212 ," 12,825 ", 258 ," 194,954 ",,,,,,
19/02/2021," 14,925 "," 2,766 "," 3,964 "," 9,547 "," 10,066 "," 13,231 "," 61,096 "," 4,504 "," 35,780 "," 26,562 ", 70 , 212 ," 12,856 ", 260 ," 195,839 ",,,,,,
20/02/2021," 14,990 "," 2,779 "," 3,982 "," 9,595 "," 10,141 "," 13,256 "," 61,305 "," 4,526 "," 35,914 "," 26,734 ", 70 , 212 ," 12,878 ", 260 ," 196,642 ",,,,,,
21/02/2021," 15,057 "," 2,784 "," 3,985 "," 9,633 "," 10,205 "," 13,292 "," 61,507 "," 4,551 "," 36,082 "," 26,912 ", 70 , 212 ," 12,918 ", 261 ," 197,469 ",,,,,,
22/02/2021," 15,113 "," 2,790 "," 3,993 "," 9,659 "," 10,267 "," 13,326 "," 61,753 "," 4,568 "," 36,181 "," 27,052 ", 70 , 212 ," 12,938 ", 262 ," 198,184 ",,,,,,
23/02/2021," 15,152 "," 2,791 "," 4,005 "," 9,683 "," 10,338 "," 13,338 "," 61,951 "," 4,582 "," 36,309 "," 27,175 ", 70 , 212 ," 12,967 ", 266 ," 198,839 ",,,,,,
24/02/2021," 15,201 "," 2,793 "," 4,017 "," 9,724 "," 10,438 "," 13,385 "," 62,175 "," 4,601 "," 36,429 "," 27,308 ", 70 , 212 ," 13,016 ", 268 ," 199,637 ",,,,,,
25/02/2021," 15,259 "," 2,799 "," 4,022 "," 9,764 "," 10,513 "," 13,403 "," 62,402 "," 4,615 "," 36,575 "," 27,449 ", 70 , 212 ," 13,055 ", 268 ," 200,406 ",,,,,,
26/02/2021," 15,297 "," 2,801 "," 4,028 "," 9,805 "," 10,590 "," 13,422 "," 62,563 "," 4,621 "," 36,672 "," 27,554 ", 70 , 212 ," 13,084 ", 268 ," 200,987 ",,,,,,
27/02/2021," 15,325 "," 2,803 "," 4,032 "," 9,828 "," 10,636 "," 13,441 "," 62,714 "," 4,631 "," 36,761 "," 27,660 ", 70 , 212 ," 13,130 ", 269 ," 201,512 ",,,,,,
28/02/2021," 15,346 "," 2,804 "," 4,036 "," 9,859 "," 10,701 "," 13,463 "," 62,885 "," 4,641 "," 36,856 "," 27,774 ", 70 , 212 ," 13,168 ", 269 ," 202,084 ",,,,,,
01/03/2021," 15,376 "," 2,807 "," 4,040 "," 9,876 "," 10,740 "," 13,476 "," 63,008 "," 4,655 "," 36,907 "," 27,844 ", 70 , 212 ," 13,188 ", 271 ," 202,470 ",,,,,,
02/03/2021," 15,400 "," 2,810 "," 4,043 "," 9,891 "," 10,814 "," 13,488 "," 63,166 "," 4,673 "," 37,008 "," 27,948 ", 70 , 212 ," 13,217 ", 272 ," 203,012 ",,,,,,
03/03/2021," 15,449 "," 2,813 "," 4,045 "," 9,914 "," 10,884 "," 13,517 "," 63,316 "," 4,682 "," 37,110 "," 28,025 ", 70 , 212 ," 13,246 ", 272 ," 203,555 ",,,,,,
04/03/2021," 15,481 "," 2,816 "," 4,048 "," 9,936 "," 10,942 "," 13,540 "," 63,462 "," 4,704 "," 37,197 "," 28,096 ", 70 , 213 ," 13,276 ", 274 ," 204,055 ",,,,,,
05/03/2021," 15,505 "," 2,820 "," 4,052 "," 9,947 "," 10,987 "," 13,560 "," 63,619 "," 4,717 "," 37,304 "," 28,169 ", 70 , 213 ," 13,313 ", 277 ," 204,553 ",,,,,,
06/03/2021," 15,537 "," 2,824 "," 4,056 "," 9,995 "," 11,036 "," 13,586 "," 63,785 "," 4,726 "," 37,395 "," 28,241 ", 70 , 213 ," 13,359 ", 285 ," 205,108 ",,,,,,
07/03/2021," 15,561 "," 2,827 "," 4,060 "," 10,003 "," 11,092 "," 13,615 "," 63,889 "," 4,738 "," 37,456 "," 28,304 ", 70 , 213 ," 13,382 ", 288 ," 205,498 ",,,,,,
08/03/2021," 15,598 "," 2,833 "," 4,061 "," 10,044 "," 11,139 "," 13,640 "," 64,027 "," 4,752 "," 37,555 "," 28,371 ", 70 , 213 ," 13,408 ", 288 ," 205,999 ",,,,,,
09/03/2021," 15,624 "," 2,835 "," 4,069 "," 10,068 "," 11,191 "," 13,657 "," 64,181 "," 4,770 "," 37,636 "," 28,433 ", 70 , 213 ," 13,429 ", 289 ," 206,465 ",,,,,,
10/03/2021," 15,707 "," 2,837 "," 4,074 "," 10,105 "," 11,251 "," 13,687 "," 64,413 "," 4,785 "," 37,738 "," 28,529 ", 70 , 213 ," 13,457 ", 290 ," 207,156 ",,,,,,
11/03/2021," 15,758 "," 2,837 "," 4,081 "," 10,142 "," 11,307 "," 13,728 "," 64,596 "," 4,793 "," 37,840 "," 28,602 ", 70 , 213 ," 13,490 ", 290 ," 207,747 ",,,,,,
12/03/2021," 15,800 "," 2,842 "," 4,084 "," 10,185 "," 11,346 "," 13,771 "," 64,847 "," 4,817 "," 37,945 "," 28,695 ", 70 , 213 ," 13,524 ", 290 ," 208,429 ",,,,,,
13/03/2021," 15,855 "," 2,844 "," 4,088 "," 10,227 "," 11,393 "," 13,805 "," 65,021 "," 4,842 "," 38,077 "," 28,792 ", 70 , 213 ," 13,551 ", 290 ," 209,068 ",,,,,,
14/03/2021," 15,904 "," 2,846 "," 4,089 "," 10,266 "," 11,426 "," 13,828 "," 65,182 "," 4,851 "," 38,142 "," 28,867 ", 70 , 213 ," 13,578 ", 290 ," 209,552 ",,,,,,
15/03/2021," 15,949 "," 2,847 "," 4,091 "," 10,295 "," 11,449 "," 13,846 "," 65,320 "," 4,867 "," 38,218 "," 28,937 ", 70 , 214 ," 13,615 ", 290 ," 210,008 ",,,,,,
16/03/2021," 16,000 "," 2,851 "," 4,091 "," 10,343 "," 11,486 "," 13,874 "," 65,527 "," 4,876 "," 38,316 "," 29,018 ", 70 , 219 ," 13,644 ", 290 ," 210,605 ",,,,,,
17/03/2021," 16,074 "," 2,854 "," 4,096 "," 10,393 "," 11,521 "," 13,896 "," 65,706 "," 4,887 "," 38,413 "," 29,123 ", 70 , 219 ," 13,687 ", 291 ," 211,230 ",,,,,,
18/03/2021," 16,119 "," 2,856 "," 4,097 "," 10,438 "," 11,556 "," 13,927 "," 65,874 "," 4,899 "," 38,505 "," 29,257 ", 70 , 221 ," 13,744 ", 291 ," 211,854 ",,,,,,
19/03/2021," 16,170 "," 2,857 "," 4,098 "," 10,478 "," 11,589 "," 13,962 "," 66,036 "," 4,912 "," 38,639 "," 29,395 ", 70 , 221 ," 13,791 ", 291 ," 212,509 ",,,,,,
20/03/2021," 16,203 "," 2,857 "," 4,100 "," 10,518 "," 11,625 "," 13,993 "," 66,167 "," 4,922 "," 38,716 "," 29,480 ", 70 , 224 ," 13,831 ", 291 ," 212,997 ",,,,,,
21/03/2021," 16,232 "," 2,857 "," 4,105 "," 10,544 "," 11,657 "," 14,018 "," 66,308 "," 4,926 "," 38,818 "," 29,584 ", 71 , 224 ," 13,894 ", 291 ," 213,529 ",,,,,,
22/03/2021," 16,253 "," 2,857 "," 4,106 "," 10,563 "," 11,684 "," 14,043 "," 66,443 "," 4,930 "," 38,872 "," 29,630 ", 71 , 224 ," 13,918 ", 294 ," 213,888 ",,,,,,
23/03/2021," 16,283 "," 2,857 "," 4,116 "," 10,594 "," 11,704 "," 14,071 "," 66,586 "," 4,936 "," 38,974 "," 29,737 ", 71 , 229 ," 13,931 ", 294 ," 214,383 ",,,,,,
24/03/2021," 16,306 "," 2,857 "," 4,125 "," 10,628 "," 11,763 "," 14,125 "," 66,773 "," 4,940 "," 39,082 "," 29,902 ", 71 , 229 ," 13,980 ", 294 ," 215,075 ",,Please see note C14 on the notes page,,,,
25/03/2021," 16,344 "," 2,859 "," 4,129 "," 10,654 "," 11,794 "," 14,181 "," 66,950 "," 4,952 "," 39,223 "," 29,882 ", 71 , 230 ," 14,036 ", 294 ," 215,599 ",,Please see note C15 on the notes page,,,,
26/03/2021," 16,376 "," 2,863 "," 4,130 "," 10,681 "," 11,823 "," 14,224 "," 67,119 "," 4,954 "," 39,332 "," 29,976 ", 71 , 230 ," 14,069 ", 294 ," 216,142 ",,,,,,
27/03/2021," 16,404 "," 2,866 "," 4,134 "," 10,710 "," 11,872 "," 14,269 "," 67,276 "," 4,958 "," 39,432 "," 30,095 ", 71 , 230 ," 14,094 ", 294 ," 216,705 ",,,,,,
28/03/2021," 16,439 "," 2,867 "," 4,134 "," 10,730 "," 11,913 "," 14,284 "," 67,383 "," 4,959 "," 39,513 "," 30,176 ", 71 , 231 ," 14,133 ", 294 ," 217,127 ",,,,,,
29/03/2021," 16,461 "," 2,870 "," 4,134 "," 10,751 "," 11,954 "," 14,313 "," 67,484 "," 4,961 "," 39,581 "," 30,220 ", 71 , 231 ," 14,154 ", 294 ," 217,479 ",,,,,,
30/03/2021," 16,483 "," 2,870 "," 4,136 "," 10,773 "," 11,999 "," 14,326 "," 67,576 "," 4,968 "," 39,659 "," 30,329 ", 71 , 231 ," 14,175 ", 294 ," 217,890 ",,Please see notes C16 and C17 on the notes page.,,,,
31/03/2021," 16,524 "," 2,871 "," 4,137 "," 10,799 "," 12,074 "," 14,374 "," 67,712 "," 4,972 "," 39,757 "," 30,402 ", 71 , 232 ," 14,213 ", 294 ," 218,432 ",,,,,,
01/04/2021," 16,548 "," 2,872 "," 4,137 "," 10,812 "," 12,114 "," 14,409 "," 67,832 "," 4,975 "," 39,824 "," 30,475 ", 71 , 232 ," 14,237 ", 294 ," 218,832 ",,,,,,
02/04/2021," 16,571 "," 2,872 "," 4,137 "," 10,860 "," 12,150 "," 14,434 "," 67,937 "," 4,983 "," 39,896 "," 30,538 ", 71 , 232 ," 14,271 ", 294 ," 219,246 ",,,,,,
03/04/2021," 16,596 "," 2,873 "," 4,137 "," 10,892 "," 12,185 "," 14,453 "," 68,061 "," 4,996 "," 39,958 "," 30,595 ", 71 , 232 ," 14,300 ", 294 ," 219,643 ",,,,,,
04/04/2021," 16,613 "," 2,873 "," 4,137 "," 10,916 "," 12,224 "," 14,473 "," 68,158 "," 5,006 "," 40,010 "," 30,653 ", 71 , 232 ," 14,326 ", 294 ," 219,986 ",,,,,,
05/04/2021," 16,620 "," 2,874 "," 4,137 "," 10,936 "," 12,240 "," 14,488 "," 68,231 "," 5,015 "," 40,055 "," 30,699 ", 71 , 232 ," 14,342 ", 294 ," 220,234 ",,,,,,
06/04/2021," 16,634 "," 2,874 "," 4,137 "," 10,961 "," 12,259 "," 14,497 "," 68,324 "," 5,022 "," 40,087 "," 30,743 ", 71 , 232 ," 14,358 ", 294 ," 220,493 ",,,,,,
07/04/2021," 16,647 "," 2,874 "," 4,137 "," 10,988 "," 12,280 "," 14,519 "," 68,418 "," 5,024 "," 40,139 "," 30,789 ", 71 , 232 ," 14,370 ", 294 ," 220,782 ",,,,,,
08/04/2021," 16,662 "," 2,875 "," 4,137 "," 11,021 "," 12,323 "," 14,556 "," 68,518 "," 5,027 "," 40,204 "," 30,830 ", 71 , 232 ," 14,396 ", 294 ," 221,146 ",,,,,,
09/04/2021," 16,677 "," 2,876 "," 4,139 "," 11,049 "," 12,347 "," 14,590 "," 68,608 "," 5,029 "," 40,245 "," 30,866 ", 71 , 232 ," 14,408 ", 294 ," 221,431 ",,,,,,
10/04/2021," 16,690 "," 2,877 "," 4,140 "," 11,072 "," 12,378 "," 14,622 "," 68,679 "," 5,031 "," 40,304 "," 30,897 ", 71 , 232 ," 14,425 ", 294 ," 221,712 ",,,,,,
11/04/2021," 16,702 "," 2,877 "," 4,141 "," 11,093 "," 12,397 "," 14,636 "," 68,752 "," 5,041 "," 40,360 "," 30,923 ", 71 , 233 ," 14,442 ", 294 ," 221,962 ",,,,,,
12/04/2021," 16,712 "," 2,877 "," 4,142 "," 11,114 "," 12,407 "," 14,649 "," 68,819 "," 5,050 "," 40,388 "," 30,951 ", 71 , 233 ," 14,454 ", 294 ," 222,161 ",,,,,,
13/04/2021," 16,714 "," 2,877 "," 4,142 "," 11,130 "," 12,416 "," 14,666 "," 68,914 "," 5,051 "," 40,439 "," 30,972 ", 71 , 235 ," 14,461 ", 294 ," 222,382 ",,,,,,
14/04/2021," 16,724 "," 2,878 "," 4,143 "," 11,172 "," 12,433 "," 14,689 "," 68,999 "," 5,060 "," 40,484 "," 31,001 ", 71 , 235 ," 14,477 ", 294 ," 222,660 ",,,,,,
15/04/2021," 16,729 "," 2,879 "," 4,143 "," 11,187 "," 12,447 "," 14,707 "," 69,087 "," 5,072 "," 40,523 "," 31,028 ", 71 , 235 ," 14,495 ", 294 ," 222,897 ",,,,,,
16/04/2021," 16,758 "," 2,882 "," 4,145 "," 11,208 "," 12,475 "," 14,732 "," 69,204 "," 5,082 "," 40,603 "," 31,060 ", 71 , 235 ," 14,512 ", 294 ," 223,261 ",,Please see note C18 on the notes page.,,,,
17/04/2021," 16,775 "," 2,882 "," 4,146 "," 11,220 "," 12,489 "," 14,755 "," 69,258 "," 5,087 "," 40,652 "," 31,082 ", 71 , 235 ," 14,525 ", 294 ," 223,471 ",,,,,,
18/04/2021," 16,789 "," 2,883 "," 4,146 "," 11,230 "," 12,500 "," 14,773 "," 69,318 "," 5,089 "," 40,710 "," 31,108 ", 71 , 235 ," 14,536 ", 294 ," 223,682 ",,,,,,
19/04/2021," 16,810 "," 2,883 "," 4,147 "," 11,239 "," 12,514 "," 14,791 "," 69,376 "," 5,093 "," 40,766 "," 31,138 ", 71 , 235 ," 14,557 ", 294 ," 223,914 ",,,,,,
20/04/2021," 16,826 "," 2,883 "," 4,147 "," 11,249 "," 12,521 "," 14,814 "," 69,421 "," 5,096 "," 40,795 "," 31,167 ", 71 , 235 ," 14,573 ", 294 ," 224,092 ",,,,,,
21/04/2021," 16,851 "," 2,883 "," 4,149 "," 11,273 "," 12,543 "," 14,833 "," 69,489 "," 5,099 "," 40,855 "," 31,204 ", 71 , 235 ," 14,586 ", 294 ," 224,365 ",,,,,,
22/04/2021," 16,879 "," 2,883 "," 4,152 "," 11,290 "," 12,553 "," 14,854 "," 69,553 "," 5,101 "," 40,897 "," 31,238 ", 71 , 235 ," 14,596 ", 294 ," 224,596 ",,,,,,
23/04/2021," 16,905 "," 2,883 "," 4,158 "," 11,314 "," 12,565 "," 14,864 "," 69,627 "," 5,108 "," 40,950 "," 31,265 ", 72 , 235 ," 14,611 ", 294 ," 224,851 ",,,,,,
24/04/2021," 16,914 "," 2,883 "," 4,168 "," 11,333 "," 12,575 "," 14,877 "," 69,660 "," 5,109 "," 40,979 "," 31,297 ", 73 , 235 ," 14,631 ", 294 ," 225,028 ",,Please see note C19 on the notes page.,,,,
25/04/2021," 16,932 "," 2,884 "," 4,170 "," 11,343 "," 12,582 "," 14,886 "," 69,726 "," 5,112 "," 41,008 "," 31,320 ", 73 , 235 ," 14,639 ", 294 ," 225,204 ",,Please see note C19 on the notes page.,,,,
26/04/2021," 16,941 "," 2,884 "," 4,173 "," 11,361 "," 12,589 "," 14,896 "," 69,757 "," 5,117 "," 41,034 "," 31,342 ", 73 , 235 ," 14,650 ", 294 ," 225,346 ",,Please see note C19 on the notes page.,,,,
27/04/2021," 16,950 "," 2,884 "," 4,175 "," 11,377 "," 12,593 "," 14,909 "," 69,806 "," 5,119 "," 41,051 "," 31,356 ", 72 , 235 ," 14,658 ", 294 ," 225,479 ",,Please see note C19 on the notes page.,,,,
28/04/2021," 16,967 "," 2,886 "," 4,178 "," 11,396 "," 12,602 "," 14,935 "," 69,861 "," 5,121 "," 41,076 "," 31,390 ", 72 , 235 ," 14,670 ", 294 ," 225,683 ",,,,,,
,,,,,,,,,,,,,,,,,,,,,
,,,,,,,,,,,,,,,,,,,,,
,,,,,,,,,,,,,,,,,,,,,
,,,,,,,,,,,,,,,,,,,,,
,,,,,,,,,,,,,,,,,,,,,
,,,,,,,,,,,,,,,,,,,,,
,,,,,,,,,,,,,,,,,,,,,
,,,,,,,,,,,,,,,,,,,,,
,,,,,,,,,,,,,,,,,,,,,
,,,,,,,,,,,,,,,,,,,,,
,,,,,,,,,,,,,,,,,,,,,
,,,,,,,,,,,,,,,,,,,,,
,,,,,,,,,,,,,,,,,,,,,
,,,,,,,,,,,,,,,,,,,,,
,,,,,,,,,,,,,,,,,,,,,
,,,,,,,,,,,,,,,,,,,,,
,,,,,,,,,,,,,,,,,,,,,